Actor,AVG
William Kircher,728
Darryl Hunt,1111
Trish Basinger,1711
Kate Maberly,2436
Tatyana Ali,2468
Stephen McHattie,2499.5
Michael Derek,3330
Jim Carter,3607
Nataniel Sánchez,3830
Saad Siddiqui,4063
Kyle Hebert,4091
Kerry Bishé,4584
Naderev Sano,4914
Rapulana Seiphemo,4958
Tom Everett Scott,5005
Don Wallace,5199
Frances Bay,5494
Drew Fuller,5561
Benno Fürmann,5725
Ariel Hsing,5858
Rita Hayworth,7927
Don Brooks,8231
Michael Nyqvist,9910
Louise Brooks,9950
Jordana Spiro,10018
Irene Bedard,10508
Glenn Plummer,10696
Ximena Ayala,11278
Tony Doupe,11798
Ingvar Eggert Sigurðsson,11835
America Olivo,12843
Wagner Moura,12850.66667
Paul Sheehan,13220
Jacqueline McKenzie,13751
Gavin MacLeod,15278
Elaine Hendrix,15593
Richard Coyle,17149
Merritt Wever,17580
James Urbaniak,18195
Karl E. Landler,18435
Connor Paolo,18469
Alice Olivia Clarke,19959
Justin Kirk,20186
Elizabeth Streb,21199
Harvey Fierstein,21210
Yul Vazquez,22434
Lindsay Kay Hayward,22770
John Karyus,23000
Kendyl Joi,23616
Noam Chomsky,23807
R. Brandon Johnson,25918
Brigitte Helm,26435
Jonathan D. Mellor,27024
Jane Goodall,29233
Tori Spelling,31937
Vera Ngassa,32631
Jack McGee,33598
Amos Oz,34151
Shane Dawson,35688
Zak Penn,36830
Karra Elejalde,38108
Sarah Murphy-Dyson,39659
Robert John Burke,40542
Bjørn Sundquist,41709
Michael Abbott Jr.,45661
Samantha Futerman,47111
Raymond J. Barry,47329
Tatsuo Matsumura,48856
Emraan Hashmi,49000
Simon Yam,49413
Nolan Gerard Funk,49494
Leehom Wang,50000
Monique Gabriela Curnen,52850
Ian Tracey,52961
Chris Gauthier,56129
Noah Emmerich,58214
Lemmy,58936
Brighton Sharbino,59379
Devid Striesow,59774
Nora Zehetner,62480
Rachel Griffiths,64359
Mike Figueroa,65087
Ian Gamazon,70071
Si Won Choi,72413
Johnny Pacar,73678
Leonor Varela,75727
Zoe Lister-Jones,76382
Carole Bouquet,81525
Carol Block,84689
John August,85222
Sarah Butler,92401
Stephanie Szostak,92900
Kôji Yakusho,94596
Alicja Bachleda,95016
Lauren Gottlieb,95236
Matthew Ziff,96734
Haley Ramm,98017
Dustin Lance Black,99851
G.W. Krauss,100240
Hector Kotsifakis,100412
Adrian Martinez,100503
Greg Crowe,100675
Nirut Sirichanya,102055
Ricky Schroder,103954
Jay Mohr,105943
Danny Aiello,110000
Deborah Mailman,110029
Angeliki Papoulia,110197
Fay Masterson,110536
Anna Friel,110580.5
Marilyn Rising,110720
Brendan Doogie Milewski,111300
Jizelle Jade,113155
Ye Liu,119922
Danny Dyer,120344.5
Paul Kaye,120620
Diahann Carroll,123777
Jeffrey Falcon,124494
Catriona MacColl,126387
Kang-ho Song,128486
Siu-Wong Fan,129115
Annabelle Wallis,129319
Tommy Sheppard,133778
Maggie Cheung,136007
Madison Pettis,140987
Matt Cohen,143000
Pelé,144431
Lars Mikkelsen,145109
Edgar Ramírez,145118
James Duval,145540
Luis Tosar,146402
David Mamet,151389
Ohad Knoller,155972
Temple Grandin,155984
Samantha Morton,157340.6667
Paulette Goddard,163245
Jorge Luis Moreno,169379
Trey Loney,169719
Riccardo Scamarcio,171320
Stacy Keach,171988
William Joseph Elk III,174682
Ally Sheedy,177840
Rupert Grint,177982
Jossara Jinaro,178739
Divine,180483
Oksana Akinshina,181655
Benoît Magimel,181798
Brian Lee Franklin,183490
François Cluzet,183662
Fabian Bolin,188870
Lena Dunham,189321.3333
Honglei Sun,190666
Amir Talai,191309
Jessy Schram,194568
Marcell Nagy,195888
Brad William Henke,198407
Vidya Balan,199228
Michael Gross,200803
Charis Michelsen,203134
Sandrine Kiberlain,206400
Jiao Xu,206678
Matisyahu,215185
Laura Morante,223878
Lynn Cohen,226891
Kumar Gaurav,227241
Isabelle Huppert,228397
Kip Pardue,228524
Jeffrey Frost,228830
Akshaye Khanna,240425
Paul Schneider,241816
Monica Calhoun,243347
Joseph Campanella,243768
Otto Jespersen,252652
William Morgan Sheppard,252726
Daniel London,255352
Lauren Ambrose,265107
Stephen Graham,265952.3333
Takashi Shimura,269061
Udo Kier,274385
Alex Gibney,274661
Derick Martini,277233
Rich Pecci,278821
Shiri Appleby,279282
Josh Swanson,287761
Shirley Henderson,293298.5
Alexia Fast,298110
Jelena Jovanova,301305
Peter McNamara,302204
Eva Amurri Martino,303439
Kayvan Novak,304137
Tom Cullen,306800
Jørgen Langhelle,313436
Mathieu Amalric,317417.5
Dreama Walker,318622
Ringo Starr,321952
Kirk Fox,325491
Abhishek Bachchan,332028.5
Edie Falco,334041
Steven Yeun,334658
Paz de la Huerta,336467
Jess Weixler,347578
Asin,352684
Phyllida Law,352786
Vincent Gallo,365734
Paul Guilfoyle,373967
Alex Huszar,375723
The Dalai Lama,381225
John Howard,399879
Christopher Denham,405614
William Hootkins,410388
Christian Clavier,423036
Shane Carruth,424760
Bill Farmer,425899
Anthony 'Citric' Campos,438653
Mitsuo Iwata,439162
Sarah Kazemy,439958
John Enos III,442638
Logan Browning,444044
Krystyna Janda,447093
Sarunyu Wongkrachang,454255
Saif Ali Khan,463922.5
Steve Howey,480314
Anwar Congo,484221
Wei Zhao,488872
David Hewlett,489220
Christo Jivkov,499263
Konstantin Lavronenko,502028
Tshewang Dendup,505295
Bruce Dern,508867
Sara Forestier,513836
Paul McCartney,515005
Nandita Das,528972
Kayla Jackson,531806
Matt Bennett,535249
Yorick van Wageningen,542860
Bashar Rahal,578527
Trey Parker,582024
Greg Ayres,592014
Jason Marsden,594904
Zoe Kazan,605831
Thomas Bo Larsen,610968
Karisma Kapoor,610991
Jean-Pierre Léaud,611709
Qi Shu,613556
Walter Koenig,617172
Julia Jentsch,617228
Shahir Kabaha,621240
Jeremy W. Auman,630779
Long Nguyen,638951
Dong-gun Jang,668171
Celia Imrie,671240
Fereshteh Sadre Orafaiy,673780
Sean Lennon,686383
Nicolas Giraud,706622
Beau Bridges,712294
Jan Decleir,713413
Kevin Corrigan,715667
Philippe Nahon,753501
Jung-min Hwang,770629
Phoebe Legere,792966
Michael Berryman,834662.5
Donna Murphy,841206
John Robinson,856942
Eamonn Walker,860002
Stephanie Leonidas,864959
Sam Riley,871577
James Brolin,876671
Mark Duplass,883089.5
Q'orianka Kilcher,883887
Elpidia Carrillo,886410
Purva Bedi,902835
Rachel Dratch,906666
Bahare Seddiqi,925402
Heike Makatsch,927107
Megan Park,952620
Sonja Sohn,982214
Sasha Alexander,985341
Mía Maestro,995717.5
Allison Dean,1001437
Odessa Rae,1007962
John Boyega,1024175
Dan Futterman,1027119
Andrew Wilson,1040879
Gary Lewis,1050445
Katy Mixon,1055577.5
Scott Mechlowicz,1055654
Alexis Dziena,1056102
Yasmine Al Massri,1060591
Jon Gries,1066555
Satish Kaushik,1094998
Noah Danby,1098224
Dana Delany,1100000
Campbell Scott,1112655.5
Rachel True,1114943
Marina Golbahari,1127331
John F. Kennedy,1134049
Adam LeFevre,1141829
Arjun Rampal,1165104
Min-sik Choi,1167714.333
Kirby Heyborne,1181206.5
Marco St. John,1183354
Anamaria Marinca,1185783
Joan Chen,1186323
Aksel Hennie,1196752
David Belle,1197786
Burt Young,1200000
Katrina Kaif,1207007
Tommy Pallotta,1227508
James Wolk,1243961
Omar Sy,1260917
Kimberly J. Brown,1281176
Tony Alva,1293295
Corbin Allred,1310270
Robin Lord Taylor,1316074
Mem Ferda,1357042
Jaime Camil,1391770
Terry Kiser,1400000
Geoff Stults,1425993
Konstantin Khabenskiy,1487477
David Richmond-Peck,1506998
Mark Zupan,1523883
Isabella Rossellini,1540793.333
David Alpay,1554566
Aidan Quinn,1568388.25
Brenda Fricker,1569918
Bárbara Mori,1602466
Kevin Pollak,1624926
Miranda Richardson,1641788
Damon Wayans,1646664
Alanna Ubach,1647308.5
Ulrich Thomsen,1647780
Simon Abkarian,1652472
Jason Mewes,1657360.5
Emily Rios,1689999
Alex Rocco,1705139
Eric Stoltz,1730378
Greta Gerwig,1736929.667
Nathalie Fay,1768416
Padraic Delaney,1829142
Ally Walker,1943649
Christopher Meloni,1944676
Nicole Ari Parker,1977544
Kim Dickens,1980338
Sook-Yin Lee,1984378
Ian McNeice,1987287
Mary Elizabeth Mastrantonio,1997807
Tippi Hedren,2000000
Emily Podleski,2024854
Chelcie Ross,2025238
Dameon Clarke,2035566
Lesley Manville,2035717.5
Carlos Gallardo,2040920
Terry Funk,2047570
Victor Rasuk,2073984
Belén Rueda,2086345
Darci Kistler,2119994
Mike Tyson,2126511
Sam Waterston,2154540
Gillian White,2185266
Anupam Kher,2197331
Doona Bae,2201412
Samantha Barks,2209479
Ulrich Tukur,2222647
Donny Boaz,2246000
Romain Duris,2264970.5
Gerry Lopez,2276368
Ari Folman,2283276
Hill Harper,2301777
Isabelle Adjani,2353728
Mia Wasikowska,2358409
Ami Ayalon,2408553
Michael Joiner,2428241
Seth Gilliam,2474000
Danny Pino,2483955
Shawnee Smith,2507106
Hugh M. Hefner,2598198
Collin Alfredo St. Dic,2601847
Joely Richardson,2615587.5
Ginger Rogers,2650000
Tom Burke,2708188
Lawrence Gilliard Jr.,2712293
Larry David,2740115
Anita Page,2808000
Toni Servillo,2835886
Robyn Lively,2848578
Stacy Edwards,2856622
Bebe Neuwirth,2882062
Meat Loaf,2902736.333
Chris Eigeman,2938208
Gladys Cooper,2956000
Paul McGill,2957978
Christopher Abbott,2981638
Stephen Carr,3000000
John Cameron Mitchell,3029081
Cheech Marin,3041656
Ted Raimi,3048055
Jeremy Davies,3053845
Cliff Robertson,3060858
Don McKellar,3073392
Numan Acar,3093491
Melissa Sagemiller,3100650
Radivoje Bukvic,3108216
Ken Burns,3117666
Gaby Hoffmann,3122616
Dyan Cannon,3123749
Rupert Graves,3130592
Alia Shawkat,3219029
John Abraham,3222857
Antoni Corone,3273588
Kevin Scott Richardson,3278611
Emir Kusturica,3288088.5
Wanda Sykes,3293258
Henry Silva,3300230
Shah Rukh Khan,3315853.75
Robert Picardo,3333823
Eric Johnson,3347439
James Hetfield,3419967
Marie-Josée Croze,3432342
Donald Glover,3447339
Kristy Swanson,3559990
Barry Corbin,3560848.5
Vanessa Lengies,3590010
Jean-Baptiste Maunier,3629758
Cécile De France,3645438
François Bégaudeau,3766595
Randy Wayne,3773863
Parry Shen,3799339
Joanna Kulig,3826455
Ranbir Kapoor,3827466
Thomas Kretschmann,3852790.5
Moritz Bleibtreu,3871797
Najarra Townsend,3885134
Lambert Wilson,3950029
Michael Dudikoff,4000000
Florian Lukas,4063859
Norbert Ferrer,4074023
Iko Uwais,4105123
Eddie Griffin,4125449
Callie Thorne,4142507
Eddie Izzard,4150870
Aunjanue Ellis,4186931
Cem Yilmaz,4190530
Ezra Miller,4204702
Nawazuddin Siddiqui,4231500
Dylan Authors,4234040
Molly Parker,4239767
Nicholas Rowe,4250320
Mariah Carey,4273372
Alexander Skarsgård,4274902.25
Derek Luke,4291965
Katrina Bowden,4310278.5
John Heard,4390001
Michael Pollan,4417124
Nicholas Aaron,4581222
Marcela Mar,4584886
Bridgette Wilson-Sampras,4777007
Louise Fletcher,4884663
Anika Noni Rose,4922166
Julianna Guill,4930798
Sheryl Crow,4946250
Rock Hudson,5000000
Kenneth Tobey,5000000
Flavio Parenti,5004648
Cameron Bright,5005883
Levon Helm,5023275
Melanie Griffith,5032496
Maricel Álvarez,5100937
Catherine Lough Haggquist,5132655
Matthew Settle,5217498
Robert Townsend,5228617
Barry Bostwick,5333658
Charles Napier,5343214.5
Indira Varma,5355087
Mick Jagger,5355376
Rachel Hendrix,5355847
Adriana Barraza,5383834
Hanno Pöschl,5400000
Romola Garai,5403649.667
Michael J. Pollard,5430822
Tom Berenger,5499635.5
Tenzin Thuthob Tsarong,5532301
Fernanda Montenegro,5595428
Terry Pheto,5618555.5
Jennifer Jason Leigh,5642690.167
Todd Giebenhain,5660084
Tony Cox,5664251
Santiago Cabrera,5669081
Catherine Deneuve,5680128.714
Tadanobu Asano,5701643
Damián Alcázar,5709616
Hayden Christensen,5734132
Sebastian Koch,5779478
Vernon Dobtcheff,5792822
Takeshi Kaneshiro,5834018.5
Emmanuelle Seigner,5990075
W. Earl Brown,5997134
Dylan Moran,5998971
Ian McDiarmid,6000000
Claude Rains,6000000
Kristin Lehman,6047856
Alessandro Nivola,6109075
Peter Fonda,6123919
Fran Drescher,6157157
Roy Billing,6165429
Denis Lavant,6167817
Merab Ninidze,6173485
Robert Redford,6262942
Clive Russell,6462576
Gregory Scott Cummins,6482195
Tamannaah Bhatia,6498000
Catalina Sandino Moreno,6517198
Kevin Alejandro,6563357
Tony Chiu Wai Leung,6594136
David Masterson,6615578
Del Zamora,6712451
Michael Greyeyes,6719300
David Margulies,6734844
Jill Clayburgh,6754898
Brendan Fehr,6755271
Daniel Sharman,6842058
Lubna Azabal,6857096
Dominic Flores,6998324
M. Emmet Walsh,7000000
Chriss Anglin,7001720
Michel Robin,7002255
Wesley Jonathan,7009668
Jennifer Hudson,7017178
Scott Cohen,7022940
Alex Kendrick,7051334
DeRay Davis,7070459
Shahab Hosseini,7098492
S. Epatha Merkerson,7137502
Geraldine Chaplin,7159147
Joel McHale,7204138
Angus Scrimm,7282851
Craig T. Nelson,7285301
Jonathan Brandis,7292175
Julian Morris,7338950.333
William Baldwin,7362100
Kathleen Wilhoite,7369373
Alan Ruck,7402173.5
Heather Matarazzo,7484883
Isaac C. Singleton Jr.,7705974
James Cagney,7707563
Elizabeth Berrington,7757130
Gretchen Mol,7769926
Dustin Milligan,7774730
Kieran Culkin,7823378.75
Frances Fisher,7830194
William Gates,7830611
Clifton Collins Jr.,7848297
John Astin,7888703
Alice Braga,7890458
Keenan Wynn,8000000
Jason Robards,8000000
Bill Johnson,8025872
Heather Berman,8044906
Mary-Kate Olsen,8047705
Debbie Reynolds,8054280
Martin Dew,8093318
Sophie Okonedo,8111360
Seamus Davey-Fitzpatrick,8114507
Daniel Kaluuya,8129455
Paul Sorvino,8157847
Irvin Kershner,8373585
Jasper Cole,8460995
James Nesbitt,8537152.667
Chris Klein,8742261
Scott Grimes,8888143
Olivia Williams,8894729
Lochlyn Munro,8984751
Vernon Wells,9003011
Richard Johnson,9030581
Scott Baio,9109322
Michael Stuhlbarg,9190525
Brian Bosworth,9286314
Ian Whyte,9353573
Thomas McDonell,9402410
Michael Smiley,9407232.333
Emily Watson,9432641.5
Glen Hansard,9437933
John Mahoney,9449219
Johannes Silberschneider,9473382
Jason Priestley,9500634
Aisha Tyler,9525276
Kurtwood Smith,9529897.667
Justin Theroux,9540844.333
Philip Baker Hall,9603243.5
Lara Jill Miller,9628751
Don Rickles,9975684
Hiroshi Abe,10037390
Bunta Sugawara,10049886
Angell Conwell,10097096
John de Lancie,10105261.5
Cameron Monaghan,10106233
John Doe,10114315
Ian Ziering,10137232
Leon,10149779
Lea Michele,10160914.5
Brian Blessed,10161099
Sid Haig,10216048
Shari Albert,10246600
Michael McKean,10271558.5
Joe Estevez,10305534
Sean Pertwee,10322249.67
Joseph Gilgun,10352160
Monica Potter,10397365
Oliver James,10411980
Rebecca Budig,10494494
Mireille Enos,10499968
Mia Kirshner,10556196
Ricardo Darín,10694342.5
Jacques Perrin,10762178
Marc Blucas,10824951.67
Matt Smith,10907291
Marlee Matlin,10941801
Ryan Kruger,10955425
Tyler Labine,10965209
Christopher Masterson,11000000
Max Minghella,11022322.5
Trevor Morgan,11144518
Quinton Aaron,11169531
Callum Rennie,11244805
Joan Allen,11257643
Sarah Polley,11412313.67
Jürgen Prochnow,11433134
Patricia Tallman,11501093
Tasha Smith,11508423
Jim Gaffigan,11515526.33
Tony Curran,11516186.33
Chemeeka Walker,11529368
Alicia Goranson,11533945
Andy Lau,11546543
Saffron Burrows,11576087
Fred Willard,11675178
Danny Strong,11702090
Chase Ellison,11703287
Taylor Negron,11847014.67
Jon Foo,11905519
Alison Lohman,11923925.5
Billy Crudup,11959559.75
Mara Wilson,12015269
Mira Sorvino,12141036
Marco Treviño,12188642
Annabella Sciorra,12189514
Taylor Cole,12232937
Wilford Brimley,12291840
Blair Underwood,12339633
Beth Grant,12377964.5
Dallas Barnett,12495865
Eric Sheffer Stevens,12555230
George Coe,12610552
Peter Mensah,12610731
Julian Richings,12619673.5
Sammo Kam-Bo Hung,12674183
Yuri Lowenthal,12701880
David Paymer,12718162
Jessica Paré,12831121
Justin Chon,12838548.5
William Hurt,12863242
Billy Campbell,12870569
Tyler James Williams,12885609
Carmen Maura,12899702
Bill Maher,12995673
Lena Horne,13000000
Meg Foster,13008928
MyAnna Buring,13016102.5
Daniel Stern,13034417
Charlotte Rampling,13050460.17
Aasif Mandvi,13214030
Fisher Stevens,13283182.33
Joe Cocker,13300000
Woody Allen,13306102.71
Jessica Lowndes,13350177
Greg Germann,13367101
James Callis,13391174
Wood Harris,13401683
Marley Shelton,13416476.5
Craig Ferguson,13436374.5
Peter Serafinowicz,13464388
Gregory Smith,13502436.33
Peter Gallagher,13509548
Jacinda Barrett,13569248
Ron Howard,13596911
Maribel Verdú,13622333
Khandi Alexander,13666017.5
Yuki Matsuzaki,13753931
Viggo Mortensen,13858905.9
Naseeruddin Shah,13876974
Lee Majors,13903262
Jaime King,13917366
Zach Gilford,13922818.5
Martin Starr,13973532
Gabriel Millman,14060950
Ian Somerhalder,14115562
Paul Brooke,14131298
Carlos Ponce,14195362
Talisa Soto,14294842
Thomas F. Wilson,14301714
Richard Epcar,14358033
Rip Torn,14359216.5
Ronald Reagan,14359793
Carol Kane,14375181
Tom Atkins,14400000
Tisha Campbell-Martin,14545844
Andrew Robinson,14564027
Rosanna Arquette,14587732
Chris Marquette,14589444
Olivier Martinez,14599820
David Keith,14600360.5
Lily Tomlin,14619561.5
Maika Monroe,14673301
Laura Ramsey,14811011
Curtis Armstrong,14956153.67
Mark Valley,14983572
Vanessa Redgrave,14993277.75
Rick Yune,14993449
Peter Coyote,14996349.33
Rumi Hiiragi,15081783
Mia Farrow,15131330
Yaya DaCosta,15155772
Byron Mann,15156200
Kevin Zegers,15173011.25
Tom Hughes,15294553
Stephen Dillane,15331289
Devin Ratray,15345818.33
Richard E. Grant,15358040.67
Claudia Christian,15361537
Ray Winstone,15405219
Thomas Lennon,15408822
Andy Dick,15464026
Willie Garson,15643065
Cole Hauser,15712072
Mustafa Haidari,15797907
Nicholas Gonzalez,15802718
Sam Shepard,15952034
Quentin Tarantino,15972098.4
Pam Ferris,16005978
Ed Skrein,16027866
Steve Oedekerk,16033556
Brittany Daniel,16039927
Ursula Andress,16067035
Ahna O'Reilly,16097842
Jurnee Smollett-Bell,16100254
Jim Sturgess,16257593
Mike Howard,16377274
Michael Angarano,16448660
Kane Hodder,16483015
Eddie Cibrian,16496917.5
Common,16607623.5
Reba McEntire,16667084
Ornella Muti,16684352
Sally Hawkins,16704713.5
Jenna Fischer,16768837
Eddie Redmayne,16795890
Oliver Reed,16800000
Frances Conroy,16900176.33
Woody Strode,17000000
Jamie Kennedy,17010646
Shengyi Huang,17104669
Amanda Schull,17174870
Ashley Rickards,17314483
Samaire Armstrong,17324744
Armando Riesco,17444985
Mako,17450000
Joseph Cotten,17450000
Bob Neill,17473245
Kimberly Elise,17474107
Michael Moore,17493931.33
Brian Dennehy,17500246.5
Phil Davis,17508670
Kathleen Turner,17511647
Christopher Nicholas Smith,17536788
Warren Christie,17683670
Michiel Huisman,17755910.67
Jason London,17757087
Stephen Collins,17843379
Stephen Rea,17888822.5
Frank Langella,17911482.5
Omari Hardwick,18053622.25
Farrah Fawcett,18270056
Christopher Lambert,18274161
Grace Phipps,18298649
Tim Meadows,18317151
Liam Aiken,18357781.75
Li Gong,18376639.2
Luke Newberry,18381787
John Gatins,18438149
Geoffrey Arend,18488314
Natasha Lyonne,18573019.6
Hunter Parrish,18575164
Tammin Sursok,18595716
Robert Clohessy,18600911
Ben Feldman,18722545
Roxanne McKee,18821279
Kelly Carlson,18843314
Chris Zylka,18860403
Jordi Mollà,18867123
Donald Pleasence,18925196.33
David Gant,18947630
Caitlin Stasey,19059018
Lew Temple,19067631
Betsy Palmer,19100000
Christina Milian,19118247
Chris Moss,19179969
Nancy O'Dell,19184015
Drake Bell,19280936
William Schallert,19281235
Amanda Detmer,19351569
Pedro Armendáriz Jr.,19406406
Archie Panjabi,19434002.5
Alden Ehrenreich,19445217
Olivia Wilde,19545367.17
Fergie,19673424
Alona Tal,19692608
Donald Faison,19828306.25
Jordana Brewster,20080874
Ted Danson,20113965
Ben Gazzara,20125014
Zooey Deschanel,20204898
Ivana Milicevic,20240317.67
Sheryl Lee,20241395
Laura Harring,20267208.5
Bobbie Phillips,20302961
Ethan Suplee,20319681
Wendi McLendon-Covey,20339754
Tony Nappo,20433940
Hector Elizondo,20501467.67
James Corden,20573531
Kevin McNally,20654854.5
America Ferrera,20692095.75
John Beasley,20733485
Benjamin A. Onyango,20773070
Tom Skerritt,20786744
Jeff Kober,20801344
Erick Avari,20819129
Paddy Considine,20880857.33
Bolo Yeung,20954418
Mitch Pileggi,20981633
T.I.,21160089
Minnie Driver,21194019.57
Tiffany Helm,21300000
Essence Atkins,21317245.5
Steven Bauer,21370057
David Zayas,21371425
Elisabeth Harnois,21379315
Leslie Bibb,21515837
Cedric the Entertainer,21615203.5
David Oyelowo,21624345.5
Ari Graynor,21706883
Aimee Garcia,21835784
Julian Sands,21841327.8
Henry Ian Cusick,21877807.5
Lisa Wilcox,22168359
Isaac Hayes,22201636
Margaret Hamilton,22202612
Bruce Greenwood,22230280.18
Vincent Pastore,22286837
Scout Taylor-Compton,22302386.67
Gary Weeks,22331028
Oliver Hudson,22385530.5
Kelsey Grammer,22452209
Rainn Wilson,22526144
Carmen Electra,22652326.67
Bob Hoskins,22677661.25
Norman Reedus,22678791.8
Kevin Grevioux,22734486
Pfeifer Brown,22757819
Emma Bell,22765378.5
Telly Savalas,22800000
Nate Parker,22842316.5
Stephen Root,23046491.2
Sasha Roiz,23219748
Kasia Smutniak,23324666
Bill Bailey,23618786
Myrna Loy,23650000
Julie Benz,23801872
Billy West,23808111
Dominic Cooper,23817977.67
Andrew Fiscella,23840343.5
Seymour Cassel,23906206.5
Collette Wolfe,23993605
Sonia Braga,24044532
Frank Whaley,24276500
Connie Ray,24381334
Judith Chapman,24430272
Yaphet Kotto,24511514.33
Demián Bichir,24530934.5
Scott Porter,24567342
Zoë Kravitz,24723855
Jimmy Fallon,24727031
Robert Shaw,24800000
Christine Taylor,24881000
Shannon Elizabeth,24907200
Kirsten Dunst,24987686.8
Nehemiah Persoff,25000000
Abbie Cornish,25034383
William Smith,25049457.67
Kevin Sussman,25077977
Malese Jow,25200412
Radha Mitchell,25236393.17
Lexie Contursi,25240988
Charlize Theron,25249668.5
Topher Grace,25296440.67
Ellar Coltrane,25359200
Emma Watson,25436742
Elina Alminas,25440971
Dougray Scott,25472967
Mike Epps,25482931
Eric Idle,25521189.5
Phil Vischer,25571351
Kay Panabaker,25584685
Jere Burns,25590119
Harry Lennix,25612648
Kristin Scott Thomas,25784500.75
Luke Bracey,25873075.5
James Kyson,25926543
Dane Cook,25941055.25
Mackenzie Davis,26049082
Toby Jones,26077569.67
Sunny Mabrey,26082914
Jennifer Esposito,26095415.5
Elden Henson,26096584
Sierra McCormick,26161406
LL Cool J,26250871
Victor Wong,26254405
Charlie McDermott,26361230
Richard Wilson,26400000
Kim Director,26421314
Connie Nielsen,26507744.5
Warren Beatty,26525834
Eoin Macken,26583369
J.D. Evermore,26616999
Dylan Baker,26667765.33
Johnny Lewis,26876529
Leighton Meester,26899443.67
Hulk Hogan,26906039
John Amos,27050915.33
William Holden,27200000
Brendan Fraser,27252493.33
Esai Morales,27260243
Steven Mackintosh,27281507
Sterling Jerins,27285953
Alexa PenaVega,27306596
Mo'Nique,27376987.38
Matt Walsh,27504479.5
Janet Jackson,27515786
Ruby Dee,27545445
Michael Raymond-James,27550735
Rufus Sewell,27619222.33
Julia Ormond,27627818
Harold Perrineau,27665329.5
James Lafferty,27689474
Laila Haley,27736779
Dave Chappelle,27754707.5
Caroline Dhavernas,27758465
Ken Arnold,28064226
Heather Locklear,28083699
Jeremy Irvine,28168265.33
Tony Goldwyn,28305109
Steve Irwin,28399192
Michael Fassbender,28492943.4
Jenny Agutter,28501605
Jeffrey Jones,28647154
Patton Oswalt,28742367
Mike Starr,28794426.33
Adam Baldwin,28864331.25
Harry Styles,28873374
Samira Wiley,28876924
Illeana Douglas,28933498
Daniel Mays,28995450
Sela Ward,29062561
Sissy Spacek,29079163.25
Josh Wingate,29136626
Keisha Castle-Hughes,29195371.5
Vivica A. Fox,29210754.75
Adam Scott,29218302.88
Omar Epps,29221439.6
Ryan Gosling,29262506.35
Jay Hernandez,29362975.6
Rosie Perez,29781453
Michael Wincott,29781842
Charlie Hunnam,29833386
Joaquim de Almeida,29949498
Jay Laga'aia,29975979
Clu Gulager,30000000
Fanny Ardant,30012990
Adam Garcia,30034810.67
Isaiah Washington,30079316
Cheryl Hines,30105968
Jessie T. Usher,30127963
Shelley Conn,30212620
Christian Monzon,30222640
Aaliyah,30307804
Cicely Tyson,30360268.5
Gary Dourdan,30386080.33
Austin Pendleton,30400000
Milla Jovovich,30454971
Mark Gatiss,30494221.5
Blanchard Ryan,30500882
Tika Sumpter,30513940
Matthew Perry,30541388.33
Rosario Dawson,30546091.83
Jack Reynor,30659817
Corbin Bernsen,30797537.5
Daniel Roebuck,30957723
50 Cent,30981850
Noah Bean,30993544
Beverly D'Angelo,31118320.5
Augustus Prew,31136950
Robert Baker,31199215
Logan Lerman,31255322.71
Brandon T. Jackson,31310287.5
Gerry Bednob,31452765
Christian Clemenson,31471430
Shelley Hennig,31537320
Jack Davenport,31585300
Madeline Carroll,31676731.4
Kath Soucie,31812023.5
Angie Dickinson,31899000
Nat Wolff,31990064
Janet Leigh,32000000
Richard Burgi,32003620
Marisa Saks,32014289
Gunnar Hansen,32017418.67
Robert Ri'chard,32048809
William McNamara,32051917
Jeff Fahey,32101000
Sullivan Stapleton,32131483
David Jason Perez,32230907
Françoise Yip,32333860
Jon Lovitz,32346196
Alexis Arquette,32368960
Michael Imperioli,32412527
Steve Guttenberg,32433333.33
Richard Cabral,32453345
Emilia Fox,32519322
David Hyde Pierce,32530215
Lily Atkinson,32553210
Pamela Reed,32598931
Judie Aronson,32600000
Jeremy Shada,32774834
Kyra Sedgwick,32795497
Mark Margolis,32919279
Jim Belushi,32955891
Tina Desai,33071558
Scoot McNairy,33119652.5
Mathieu Kassovitz,33201661
Michael Jai White,33203335.43
Catherine Hicks,33244684
Melina Kanakaredes,33328051
Barack Obama,33349949
Kirk Cameron,33451479
Linda Cardellini,33803919
John Kapelos,33927476
Patrick Macnee,34143000
Michael Kelly,34359332.25
Judith Barsi,34427929.5
Leonard Roberts,34456150
Eddie Marsan,34462833
Ben Davies,34522221
Matt Price,34580635
Robert Davi,34667015
James Franco,34967828.85
Zachary Gordon,35071150.33
Nicki Aycox,35143332
Bono,35173225
Ryan Guzman,35221446
Debra Messing,35228696
Michael Biehn,35255926.78
Jon Seda,35422828
Miriam Margolyes,35460015
Violante Placido,35596227
Nathan Lane,35613732
Andrew Garfield,35673133.33
Matt Bomer,35774348.5
Lauren Cohan,35794166
Noah Taylor,35811509
Dennis Quaid,35846513.31
Jason Flemyng,35854408.5
Jason Patric,35904827.67
Brian Thompson,35927406
Dianne Wiest,35946671.43
Kate Winslet,35950842
Boris Kodjoe,35992406
Richard Burton,36000000
Gloria Grahame,36000000
Denis O'Hare,36020063
Adam Arkin,36037909
Frank Grillo,36040036.67
Charlie Rowe,36073232
Hope Davis,36083519.5
Tina Turner,36200000
Richard Brooker,36200000
Blair Brown,36279230
Diedrich Bader,36677434.5
Steven Anthony Lawrence,36830057
Louis Lombardi,36861548.67
Peter Firth,36874745
Jon Heder,36878792
Delroy Lindo,36976468.25
Lisa Edelstein,37036404
Bianca Kajlich,37053924
Natasha Henstridge,37074876
Martin Landau,37080154
George Kennedy,37144167
Noel Gugliemi,37176306.5
Britney Spears,37188667
Bobby Lee,37371385
Faizon Love,37432264.5
Tiago Riani,37432299
Amber Valletta,37486138
Estella Warren,37489436
Ivana Baquero,37623143
Richard Lawson,37672350
Miko Hughes,37779680
Danneel Ackles,37784304
Haley Joel Osment,37851619.6
Alison Brie,37878342.67
Shô Kosugi,38105077
Joan Rivers,38119483
Stockard Channing,38330506
Talulah Riley,38372662
Rob Riggle,38429667.67
James Martin Kelly,38509342
James Wilcox,38543473
Robert Forster,38580989.67
Alicia Witt,38628808.2
Joe Lo Truglio,38792994.67
Teo Halm,38916903
Vanessa Williams,38993375.4
Lois Smith,39025000
Ashley Williams,39026186
Rae'Ven Kelly,39100956
Bai Ling,39251128
Vinessa Shaw,39514713
Frances Bavier,39552600
Danny Huston,39568996
Bojana Novakovic,39643830.67
Salma Hayek,39707055.88
Mekhi Phifer,39812402.4
Tom Wilkinson,39970410.15
Raymond Cruz,40048332
Jennifer Freeman,40066497
Daryl Sabara,40122674.5
Billy Burke,40135509
Julie Christie,40183690
Sophia Myles,40190293
Jim Meskimen,40218903
Jessica Barden,40247512
Kelli Garner,40418472.33
Sharon Small,40566655
James Coburn,40582782.5
David Carradine,40678594.33
Tina Fey,40826408.6
Jeffrey Combs,40846082
Caleb Landry Jones,40990055
Don Cheadle,41019824.2
Lauren German,41227069
Armin Mueller-Stahl,41256277
Ken Howard,41714544
Anthony Hopkins,41718240.35
Sam Trammell,41797066
Joseph Gordon-Levitt,42249832.44
Shelley Duvall,42365600
Alyson Stoner,42385520
Djimon Hounsou,42567748.5
Colin Ferguson,42640890
Mehcad Brooks,42643187
Paige Turco,42660000
Clayton Snyder,42672630
Jet Li,42740113.78
Miranda Cosgrove,42793069.5
Ethan Embry,42835986.5
Colin Firth,43091582.33
Rami Malek,43568507
Raoul Bova,43601508
Rita Moreno,43650000
Olivia Munn,43665946.67
Hal Holbrook,43848100
Heath Ledger,43867090.2
Loretta Devine,43895625
Kate Upton,44328238
Chazz Palminteri,44362183
Mia Sara,44450000
Jason Statham,44456077.8
Eugenio Derbez,44456509
Morgan Saylor,44469602
Jeff Bridges,44574372.06
Jeanne Tripplehorn,44664685.67
Bérénice Bejo,44667095
Alex Pettyfer,44725065.4
Jack Palance,44726644
Bernie Mac,44787177.55
John Saxon,44793200
John Michael Higgins,44832003.67
Tim Blake Nelson,44917890.25
John Witherspoon,45040073.75
Noah Huntley,45063889
Jim Broadbent,45086899.13
Frank Welker,45260640.33
Lisa Ann Walter,45370761
Josh Charles,45387572
Bruce McGill,45469469.33
Julie Walters,45483317
Lorraine Bracco,45500797
Matthew McConaughey,45767268.65
Craig Parker,45802315
Barry Watson,46363118
Jimmy Bennett,46390530.5
Sarah Carter,46455802
Dan Byrd,46604362
Don Johnson,46697340
Lena Olin,46734922.5
Caroline Munro,46800000
Edgar Arreola,46875468
Mary Lynn Rajskub,46908082
Tate Donovan,46975183
Johnny Cannizzaro,47034272
Costas Mandylor,47296160
Vin Diesel,47352922.55
Ayelet Zurer,47379090
Gary Oldman,47617790.08
Miguel Ferrer,47642136.67
Gena Rowlands,47806295
Frankie Muniz,47811275
Nicolas Cage,47828092.77
Kristen Stewart,47997353.21
Elizabeth McGovern,48043505
Danielle Kotch,48056940
Dania Ramirez,48114556
Anne Hathaway,48151121.82
Roger Rees,48573785.33
Anjelica Huston,48579960.17
Janeane Garofalo,49001206.2
Keanu Reeves,49121774.75
Tuesday Knight,49369900
Jeremy Renner,49417380.44
Virginia Madsen,49451151.5
Erika Christensen,49525731.67
Ioan Gruffudd,49663776.25
Chris Evans,49807252.78
Lilli Lavine,49968653
Andrea Corr,49994804
Topol,50000000
Robert De Niro,50017741.86
Kathleen Quinlan,50129186
Mike Vogel,50209255
Michael Emerson,50254894.5
Dolly Parton,50310083.5
Chloë Grace Moretz,50460135.42
Bailee Madison,50653708
Busy Philipps,50676078.25
Lane Smith,50752337
Ryan O'Neal,50800000
Isaac Hempstead Wright,50807639
Rudy Youngblood,50859889
Bill Duke,50887220.5
F. Murray Abraham,50892508.5
Jake Gyllenhaal,50960167.92
Al Pacino,51020375.57
Oliver Platt,51028993.3
Honor Blackman,51100000
Bokeem Woodbine,51179081
Joe Don Baker,51185897
Katharine Ross,51190402
Robert Duvall,51207741.67
Brenda Song,51432423
Lin Shaye,51436034.67
Catherine O'Hara,51449540.5
Jensen Ackles,51527787
Eric Mendenhall,51697449
David Arquette,51732970.5
Quvenzhané Wallis,51787843
Deborah Kara Unger,52065648
Philip Seymour Hoffman,52126886.8
Marshall Bell,52287414
Mark Rylance,52792307
Ed Begley Jr.,52854309.2
Judy Greer,52877329.75
Adam Goldberg,53195497
Fernanda Andrade,53245055
Alfre Woodard,53283041.13
Greg Grunberg,53759120.5
Matt Shively,53884821
Anna Kendrick,53884825
Chris Brown,53930593.67
Chelan Simmons,54098051
Craig Stark,54116191
Manish Dayal,54235441
Lou Taylor Pucci,54239856
Óscar Jaenada,54257433
Bill Murray,54274290.23
Josh Hutcherson,54288495
Joe Mantegna,54602878.83
Jake Busey,54700065
Dax Flame,54724272
Robin Wright,55103356
Charles S. Dutton,55473600
Bernie Casey,55500000
Sarah Michelle Gellar,55620744.75
Holly Hunter,55762203.86
Taran Killam,56127162
Sam Claflin,56154094
Roger Allam,56437947
Richard Tyson,56464686.5
Mark Addy,56468652.67
Michael Rapaport,56532991
Corinna Harney,56607223
Chris Noth,56640184
Will Ferrell,56649231.7
Desmond Llewelyn,56700000
Keir Dullea,56715371
Kurt Fuller,56816662
Xander Berkeley,56932305
Kevin Spacey,57062013.05
Imelda Staunton,57118461
Marlon Brando,57160666.67
John Cothran,57504069
Naomi Watts,57599960.88
Romany Malco,57685680.5
Nia Long,57703603.67
Kelly Preston,57847959
Robert Pine,57859105
Cassie Ventura,58006147
Antony Starr,58156435
Clint Eastwood,58249368.31
Bella Thorne,58283414.75
Alice Krige,58800000
James Babson,59035104
Jennifer Garner,59332784.89
Sayed Badreya,59617068
Roma Downey,59696176
Shane Black,59735548
Jennifer Ehle,59852577.8
Meryl Streep,59919727.45
Chris Elliott,60008303
Jamie Lee Curtis,60399770.45
Blythe Danner,60443237
Fann Wong,60470220
Quincy Jones,60507228
Taylor Lautner,60873536.5
Pink,60923325
Eric Dane,61067056.67
Alun Armstrong,61355436
Patrick Fugit,61497253
Jerry Stiller,61589917
Larry Miller,61711724.5
Matt Damon,61972633.4
Liam Neeson,62225265.67
Julian Glover,62300000
Theo James,62321039
Peter Dinklage,62482333.75
Emmanuelle Vaugier,62482437.5
Amber Stevens West,62494975
Bill Cobbs,62640701.6
Jerry Ferrara,62734058
Gerard Butler,62900260
Denzel Washington,63225412.7
Arliss Howard,63411478
Eddie Cahill,64371181
Rhys Wakefield,64423650
Shawna Waldron,65000000
Ocean James,65069140
Jon Favreau,65635701.67
Ming-Na Wen,65953361
Brad Pitt,66321448.71
Cory Hardrict,66359959
Krista Allen,66466372
Mila Kunis,66581267.67
Sydney Pollack,66790248
Jamie Renée Smith,67155742
Charlyne Yi,67523385
James D'Arcy,67870624.5
Louis Jourdan,67900000
Sylvester Stallone,68243377.67
Kelly Macdonald,68252034.4
Nicholas Lea,68473360
Mackenzie Foy,68729357
Christian Bale,68754341.39
Gary Cole,68774393.29
Doug E. Doug,68856263
Bruce Willis,69342847.24
Natascha McElhone,69405691.5
Jonathan Winters,69622721
Paul Walker,69760380.88
Ellen Burstyn,69912586
Alex Veadov,70011073
Ty Burrell,70042929
Alyson Hannigan,70306881.14
Sally Kirkland,70405498
Channing Tatum,70759404.68
Jason Alexander,70836296
Jacob Tremblay,71017784
D.B. Woodside,71038190
David Lyons,71346930
Shailene Woodley,71448589
Scott Glenn,71637385.33
Misha Gabriel Hamilton,71844424
Drew Powell,71975611
Jeremy Brett,72000000
Elizabeth Daily,72130957
Sean Young,72217000
Tom Hardy,72449992.6
Wes Studi,72455275
Curtiss Cook,72515360
Rob Paulsen,72601713
Muse Watson,72613394.4
Usher Raymond,73000942
Oprah Winfrey,73797669.33
Colm Feore,73973564.33
Benedict Cumberbatch,74177861
Lauren Holly,74294428
Lupe Ontiveros,74344037
Dwayne Johnson,74357048.26
Sarah Silverman,74600170.67
Ryan Reynolds,74646758
George Carlin,74787599
Sanaa Lathan,75141080.5
Craig Roberts,75261603.5
Jennifer Saunders,75280058
Mhairi Calvey,75600000
Todd Stashwick,75604320
Seth MacFarlane,75754670
Marsha Thomason,75817994
Rory Culkin,76206386.33
Goran Visnjic,76258307.67
Leopold Stokowski,76400000
Heather O'Rourke,76600000
Dean Stockwell,77009389.5
Scarlett Johansson,77364830.36
Jack McBrayer,77665012
Angelina Jolie Pitt,77911088.53
Jon Hamm,78017669
Julia Roberts,78263955.25
Will Forte,78341237
Kevin Nash,78656813
Eileen Brennan,78835557.5
LeVar Burton,79262488.67
Peter Greene,79390334.33
Emily Osment,79566871
Odeya Rush,80021740
Sarah Roemer,80050171
Ana de la Reguera,80197993
Leonard Nimoy,80207030.86
Alice Greczyn,80270227
Treat Williams,80276912
Steve Coogan,80592035.6
Morgan Freeman,80932478.82
Dylan Walsh,81022333
Adam Sandler,81219253.07
Steve Buscemi,81478580.88
Hugh Jackman,81586362.29
Stephen Amell,81638674
Katharine Isabelle,82163317
Bingbing Li,82300692.33
Sean Patrick Thomas,83056613
Peter Graves,83400000
Margot Kidder,84100000
Darcy Donavan,84136909
Mel Blanc,84300000
Martin Short,84429182.33
Cary-Hiroyuki Tagawa,84716831.2
Bam Margera,84749228.33
Sprague Grayden,84749884
Justin Timberlake,85039250.57
Robin Williams,85081223.22
Javier Botet,86949197.5
Alan Rickman,87426950.5
Will Patton,87704396
Snoop Dogg,88200225
Emma Stone,88554492.25
Kelly Rutherford,89138076
Demi Moore,89284882.83
Eartha Kitt,89296573
Tia Carrere,89335214.67
John Doman,90135191
Jada Pinkett Smith,90191809.14
Don Ameche,90400000
Vanessa Ferlito,90485233
Lucas Grabeel,90556401
Beau Mirchoff,90703745
Michael Jeter,90750045.5
Martin Kove,90800000
Jacob Vargas,91443253
Ki Hong Lee,92050596.5
Bradley Whitford,92115211
J.K. Simmons,92142165.9
Matthew Broderick,92408903.2
Bruno Kirby,92823600
Tom Selleck,92869338
Johnny Depp,92990459.98
Dorian Missick,93307796
Nick Stahl,93367977.5
Carol Ann Susi,93375151
Clea DuVall,93747705
Carmen Perez,93952276
Madeline Kahn,94152333.33
Macaulay Culkin,94394189.5
Essie Davis,94405710.5
Robert Downey Jr.,94499617.73
Michael Nouri,94900000
Fionnula Flanagan,96471845
John Belushi,97900000
Clint Howard,99210225
Sean Hayes,100446895
Paul Hogan,101329641.7
Jackson Nicoll,101978840
Ed Wynn,102300000
Daniel von Bargen,102678089
Sam Edwards,102797150
Natalie Portman,102842486
Nia Vardalos,103224276.7
Charlie Korsmo,103738726
Johanna Braddy,104007828
Fred Gwynne,104787430.5
Art Hindle,105500000
Albert Brooks,106316185
Bruce Spence,106371812
Toby Stephens,106511762
Izabella Scorupco,106635996
Candice Bergen,106807667
Matt Frewer,107503316
Micah Sloat,107917283
Lea Thompson,108268041.3
Daniel Radcliffe,108745230.6
Regina Hall,110000082
Amy Schumer,110008260
Maura Tierney,110180718.5
Scatman Crothers,112000000
Christoph Waltz,112287502.2
Christopher Lee,112572635.4
Raven-Symoné,112950721
Finn Wittrock,115603980
Sharlto Copley,115646235
Joe Morton,117453577.5
Jesse McCartney,117719632.5
Osama bin Laden,119078393
Ronny Cox,119412921
Sandra Ellis Lafferty,119518352
Noel Fisher,120646822.5
Henry Cavill,120932971.3
Ariana Richards,122222048.5
A.J. Buckley,123070338
Steve Carell,123441794.4
Damon Wayans Jr.,124051751.5
Michael O'Neill,124107476
Tom Cruise,124484250
Suraj Sharma,124976634
Vincent Schiavelli,125332007
Brad Garrett,125684908.5
Leonardo DiCaprio,125741989.2
Colin Salmon,126930660
Joel Courtney,126975169
Bradley Cooper,127562714.4
Jeff Bennett,127706877
Chen Chang,128067808
Bob Balaban,128300000
Luenell,128505958
Francesca Capaldi,130174897
Sofia Boutella,130468626
Amy Poehler,131387855.5
Seychelle Gabriel,131564731
Kevin Rankin,132122995
Angus T. Jones,132541238
Jim Parsons,133904864.3
Hayley Atwell,134107554.3
Harrison Ford,135662246.5
Tom Hanks,136023294.8
Lili Taylor,136448821
Tom Welling,138614544
Tzi Ma,140080850
Heather Donahue,140530114
Anil Kapoor,141319195
Mahadeo Shivraj,142614158
Rene Russo,144731527
Will Smith,145400929.8
Eva Green,146794495
Phoebe Cates,148170000
Harold Ramis,148734225
Laura-Leigh,150368971
Zack Ward,159487058
Aldis Hodge,161029270
Bryce Dallas Howard,161747079.6
Tim Conway,162495848
Eleanor Parker,163214286
Jill Hennessy,168213584
Giancarlo Giannini,168368427
Matt Lucas,169076745
Jennifer Lawrence,169132573.1
Judge Reinhold,172939903.7
Michael Gough,176334184.5
Olivia Newton-John,181360000
Roy Scheider,181461188
Chris Hemsworth,181942199.2
Karen Allen,182618434
Mary McDonnell,184208848
Adriana Caselotti,184925485
Denis Leary,195951734
Alexander Gould,196766245.5
Hattie McDaniel,198655278
Orlando Bloom,201928820.5
Peter Capaldi,202351611
Aidan Turner,211907593.5
Verne Troyer,213079163
CCH Pounder,214788173.3
Henry Thomas,217664551
Josh Gad,222701281.5
Mei Melançon,226138454
Robert Pattinson,230187140.9
Tim Holmes,234903076
John Ratzenberger,253613072
Catherine Dyer,255950375
Glenn Morshower,261848909.3
Kathleen Freeman,267652016
Phaldut Sharma,274084951
Steve Bastoni,281492479
Albert Finney,304360277
Wayne Knight,356784000
Rupert Everett,436471036
