Director,Avg,Gross
Ekachai Uekrongtham,162,162
Frank Whaley,703,703
Robert Sarkies,728,728
Ian Fitzgibbon,828,828
Ricki Stern,1111,1111
Alex Craig Mann,1332,1332
Boris Rodriguez,1521,1521
John D. Hancock,1711,1711
U. Roberto Romano,2245,2245
Paul Bunnell,2436,2436
Bruce Dellis,2468,2468
Adam Goldberg,2580,2580
André Téchiné,2874,2874
Robert Fontaine,3330,3330
Bruce McDonald,3478,3478
Álex de la Iglesia,3607,3607
Tom Sanchez,3830,3830
Ruba Nadda,4063,4063
Jeremy Degruson,4091,4091
Phil Morrison,4556,4556
Jonathan Newman,4756,4756
Dena Seidel,4914,4914
Ralph Ziman,4958,4958
Francesca Gregorini,5005,5005
Eddie O'Flaherty,5199,5199
Sara Newens,5858,5858
Hal Haberman,6387,6387
Ramaa Mosley,6643,6643
Eric Styles,7680,7680
James David Pasternak,7826,7826
Orson Welles,7927,7927
James Bidgood,8231,8231
Ernie Barbarash,8691,8691
Kay Pollak,9910,9910
Georg Wilhelm Pabst,9950,9950
Eric Nicholas,10018,10018
Daniel Hsia,10443,10443
Jennifer Wynne Farmer,10508,10508
Damian Nieman,10696,10696
Claudia Sainte-Luce,11278,11278
Sue Corcoran,11798,11798
Benedikt Erlingsson,11835,11835
Sol Tryon,12055,12055
Michael Roemer,12438,12438
Hunter Richards,12667,12667
Franck Khalfoun,12843,12843
Alex Smith,13134,13134
Simon Yin,13220,13220
Scott Ziehl,13493,13493
Timothy Hines,14616,14616
Sam Peckinpah,14873,14873
Christopher M. Bessette,15059,15059
Rich Christiano,15278,15278
Arthur Hiller,15447,15447
Marianna Palka,15542,15542
John Duigan,15593,15593
Klaus Menzel,16066,16066
Pan Nalin,16892,16892
Noah Buschel,17580,17580
Hilary Brougher,18195,18195
Oliver Blackburn,18378,18378
Pascal Arnold,18435,18435
Jim Mickle,18469,18469
Michael Meredith,19348,19348
Jonathan Kesselman,19539,19539
Dagur Kári,19959,19959
Kat Coiro,20186,20186
Kate Barker-Froyland,20200,20200
Karim Aïnouz,20262,20262
Jake Paltrow,20380,20380
Catherine Gund,21199,21199
Dan Zukovic,22434,22434
Akiva Goldsman,22451,22451
Hitoshi Matsumoto,22770,22770
Lloyd Kaufman,23000,23000
Vicente Amorim,23091,23091
Gene Teigland,23616,23616
Ruairi Robinson,23838,23838
Eric Bress,23947,23947
Bradley Rust Gray,24705,24705
Léa Pool,24784,24784
Ari Kirschenbaum,25918,25918
Nick Love,26345,26345
Fritz Lang,26435,26435
François Truffaut,26893,26893
Mario Van Peebles,27012,27012
George Ratliff,27445,27445
Dito Montiel,28870,28870
John H. Lee,31662,31662
Florence Ayisi,32631,32631
Julie Davis,33598,33598
Mor Loushy,34151,34151
Shane Dawson,35688,35688
Ben Wheatley,17953,35906
S.R. Bindler,36497,36497
Zak Penn,36830,36830
William H. Macy,37440,37440
Peter Stebbings,37606,37606
Nacho Vigalondo,38108,38108
Guy Maddin,39659,39659
Jason Alexander,39852,39852
Brandon Trost,40557,40557
Mary McGuckian,42880,42880
Stephen Milburn Anderson,46451,46451
Michael Kang,47111,47111
Nick Tomnay,48430,48430
Vivek Agnihotri,49000,49000
Johnnie To,49413,49413
Arie Posin,49526,49526
James Mottern,52166,52166
Claudia Llosa,52961,52961
Robert Moresco,53481,53481
Jugal Hansraj,55202,55202
Panos Cosmatos,56129,56129
Catherine Jelski,58163,58163
Kurt Voss,58936,58936
E.L. Katz,59379,59379
Benjamin Dickinson,62480,62480
Christian Volckman,63260,63260
Hans Petter Moland,64148,64148
Oren Moverman,66637,66637
Gary Sinyor,69582,69582
Neill Dela Llana,70071,70071
Michael Clancy,70527,70527
Stéphane Aubier,71442,71442
Michael D. Sellers,71904,71904
Daniel Lee,72413,72413
Ryûhei Kitamura,73548,73548
Kate Connor,73678,73678
Alex Rivera,75727,75727
Daryl Wein,76382,76382
Richard Montoya,79043,79043
Gérard Krawczyk,81525,81525
Doug Block,84689,84689
Giuseppe Tornatore,85433,85433
David Pastor,90820,90820
Barry Skolnick,92191,92191
Steven R. Monroe,92401,92401
Katherine Dieckmann,92900,92900
Stefan Ruzowitzky,31417.33333,94252
Kiyoshi Kurosawa,94596,94596
Remo,95236,95236
Johnny Remo,96734,96734
Quentin Dupieux,98017,98017
Reed Cowan,99851,99851
Kief Davidson,100240,100240
Arjun Sablok,100358,100358
Jorge Ramírez Suárez,100412,100412
Julio DePietro,100503,100503
Hue Rhodes,100669,100669
Heidi Ewing,100675,100675
Adam Rapp,101228,101228
Tony Jaa,102055,102055
Goran Dukic,104077,104077
Justin Kerrigan,104257,104257
Adam Carolla,105943,105943
Andrea Di Stefano,106869,106869
Agnieszka Wojtowicz-Vosloo,108229,108229
Marc Schölermann,108662,108662
Bob Giraldi,110000,110000
Rachel Perkins,110029,110029
Yorgos Lanthimos,110197,110197
Larry Blamire,110536,110536
Robinson Devor,110720,110720
Tom Putnam,111300,111300
James Dodson,115504,115504
Joey Lauren Adams,117560,117560
Tim Boxell,118666,118666
Pete Jones,119841,119841
Chuan Lu,119922,119922
Daniel Algrant,121972,121972
Warren P. Sonoda,123777,123777
Lance Mungia,124494,124494
Nicholas Fackler,124720,124720
Floyd Mutrux,125169,125169
Alan Metter,126247,126247
Lucio Fulci,126387,126387
Andrew Wilson,127144,127144
Li Zhang,127437,127437
Conor McPherson,128937,128937
Peter Ho-Sun Chan,128978,128978
Teddy Chan,129115,129115
Romesh Sharma,129319,129319
Henry Hobson,131175,131175
Marius A. Markevicius,133778,133778
Christopher Smith,136432,136432
Deon Taylor,143000,143000
Richard Raymond,143653,143653
Paul Crowder,144431,144431
Ole Christian Madsen,145109,145109
Lucky McKee,145540,145540
David Leland,146083,146083
Fernando León de Aranoa,146402,146402
Molly Bernstein,151389,151389
Jake Scott,152857,152857
Eytan Fox,155972,155972
Michel Orion Scott,155984,155984
Charles Chaplin,163245,163245
Rafa Lara,169379,169379
Randy Moore,169719,169719
Maïwenn,171320,171320
Bruce Campbell,173066,173066
Joshua Tickell,173783,173783
Sherman Alexie,174682,174682
Alan Rudolph,175370,175370
Ti West,89080,178160
Carmen Marron,178739,178739
Lukas Moodysson,181655,181655
Jeff Garlin,194568,194568
Lajos Koltai,195888,195888
Thaddeus O'Sullivan,196067,196067
Laurie Collyer,198407,198407
R. Balki,199228,199228
Mateo Gil,199652,199652
Tim Heidecker,200803,200803
Bill Plympton,203134,203134
Claude Miller,206400,206400
Emma-Kate Croghan,212285,212285
Justin Dillon,215185,215185
Robert Cary,220234,220234
Bobcat Goldthwait,221210,221210
Eli Craig,223615,223615
Guillaume Canet,112445.5,224891
Mel Smith,226792,226792
Rohit Jagessar,227241,227241
Dan Harris,228524,228524
Errol Morris,228830,228830
John Maclean,229094,229094
Lance Hool,229311,229311
Mathieu Amalric,231186,231186
Richard E. Grant,233103,233103
Gareth Edwards,237301,237301
Jeremy Brock,238774,238774
Feroz Abbas Khan,240425,240425
Neema Barnette,243347,243347
Mike Bruce,243768,243768
Bigas Luna,244465,244465
Paul Fierlinger,246574,246574
Harry Gantz,247740,247740
André Øvredal,252652,252652
Robert Lee King,265107,265107
Fatih Akin,274385,274385
Alex Gibney,274661,274661
Kevin Jordan,277233,277233
Efram Potelle,279282,279282
Anthony Powell,287761,287761
Eric Schaeffer,295468,295468
Andrew Currie,298110,298110
Stefan Schwartz,302204,302204
Lucrecia Martel,304124,304124
Christopher Morris,304137,304137
Alex Zamm,306715,306715
Marco Kreuzpaintner,154609,309218
Petter Næss,313436,313436
Udayan Prasad,317040,317040
Akira Kurosawa,158958.5,317917
Craig Zobel,318622,318622
Matt Dillon,325491,325491
Keith Gordon,336456,336456
Mitchell Lichtenstein,347578,347578
Dario Argento,349618,349618
Shane Meadows,117455.3333,352366
Ashish R. Mohan,352684,352684
Agnieszka Holland,352786,352786
Gregor Jordan,353743,353743
David Duchovny,371081,371081
Joe Swanberg,186510,373020
Andrea Arnold,373060,373060
David Anspaugh,375474,375474
Anna Muylaert,375723,375723
Hans Canosa,379122,379122
Maurizio Benazzo,381225,381225
Spencer Susser,382946,382946
Lena Dunham,389804,389804
Isabel Coixet,395592,395592
Sally Potter,396035,396035
Rick Bieber,399611,399611
Ray Lawrence,399879,399879
Alain Resnais,403649,403649
Henry Bean,406035,406035
Jonas Åkerlund,410241,410241
Claude Chabrol,206607.5,413215
Leslye Headland,418268,418268
Shane Carruth,424760,424760
Ray Griggs,425899,425899
José Luis Valenzuela,428535,428535
Morgan J. Freeman,216594,433188
Tom Kalin,434417,434417
Maryam Keshavarz,439958,439958
Jamal Hill,444044,444044
Takeshi Kitano,447750,447750
Chatrichalerm Yukol,454255,454255
Jeff Nathanson,463730,463730
Finn Taylor,464655,464655
Richard Ayoade,466702,466702
Andrew Haigh,469947,469947
Frank Sebastiano,475000,475000
Corey Yuen,480314,480314
Karen Moncrieff,240718.5,481437
Joshua Oppenheimer,484221,484221
Andrey Zvyagintsev,502028,502028
Khyentse Norbu,505295,505295
William Bindley,508867,508867
Marc F. Adler,511920,511920
Michel Leclerc,513836,513836
Stewart Raffill,531806,531806
Huck Botko,535249,535249
Myles Berkowitz,536767,536767
Martin Koolhoven,542860,542860
Bill Muir,549632,549632
James Schamus,560512,560512
Mars Callahan,562059,562059
Rohan Sippy,563699,563699
David Jacobson,568695,568695
Andrew Jarecki,578382,578382
Joshua Seftel,578527,578527
Jonathan Caouette,592014,592014
Steve Taylor,594904,594904
Jacob Aaron Estes,603943,603943
Rich Cowan,609042,609042
Khalid Mohamed,610991,610991
Aki Kaurismäki,611709,611709
Hsiao-Hsien Hou,613556,613556
Roger Nygard,617172,617172
Jirí Menzel,617228,617228
Scandar Copti,621240,621240
Michael Landon Jr.,316184.5,632369
Laurent Tirard,634277,634277
Ham Tran,638951,638951
Kaige Chen,668171,668171
Richard Williams,669276,669276
Ol Parker,671240,671240
Jafar Panahi,673780,673780
Tomm Moore,686383,686383
Jason Eisener,703002,703002
René Féret,706622,706622
Rebecca Miller,712294,712294
Mike van Diem,713413,713413
Gia Coppola,750100,750100
Ralph Fiennes,756452,756452
Hong-jin Na,770629,770629
Robert Towne,777423,777423
Michael Herz,792966,792966
Michael McGowan,795126,795126
Richard Dutcher,798341,798341
Ruggero Deodato,800000,800000
Franklin J. Schaffner,800000,800000
Henry Jaglom,821997,821997
James Manera,830210,830210
Vera Farmiga,841206,841206
Steve Buscemi,424653,849306
Katsuhiro Ôtomo,424775,849550
C. Jay Cox,425938,851876
Carroll Ballard,860002,860002
Dave McKean,864959,864959
Sylvio Tabet,869325,869325
Siddharth Anand,872643,872643
David Webb Peoples,882290,882290
Marc Forby,883887,883887
Salvador Carrasco,886410,886410
Piyush Dinker Pandya,902835,902835
Joseph Dorman,906666,906666
Majid Majidi,925402,925402
Max Färberböck,927107,927107
Fenton Bailey,475143,950286
Robby Henson,978908,978908
Marc Levin,982214,982214
James Fargo,1000000,1000000
Dick Richards,1000000,1000000
Joe Cornish,1024175,1024175
Jon Shear,1027119,1027119
Rodrigo Cortés,1028658,1028658
Meiert Avis,1046166,1046166
Christian Carion,1050445,1050445
James Cox,1056102,1056102
Nadine Labaki,1060591,1060591
Matthew Diamond,1064277,1064277
Bob Rafelson,1075288,1075288
Gaspar Noé,544984,1089968
Sarah Gavron,1094998,1094998
Gary Rogers,1098224,1098224
Je-kyu Kang,1110186,1110186
Siddiq Barmak,1127331,1127331
David Sington,1134049,1134049
Sajid Khan,1165104,1165104
Wayne Beach,1181197,1181197
Cristian Mungiu,1185783,1185783
Alice Wu,1186323,1186323
Jon Hess,1200000,1200000
Vipul Amrutlal Shah,1207007,1207007
Fabián Bielinsky,1221261,1221261
Abel Ferrara,1227324,1227324
William Dear,615216,1230432
Jamie Travis,1243961,1243961
Alison Maclean,1282084,1282084
Greg Harrison,653126,1306252
Ryan Little,1310270,1310270
Shona Auerbach,1340891,1340891
John Turturro,688363,1376726
Beto Gómez,1391770,1391770
Jeff Burr,1400000,1400000
Bob Gosse,1425993,1425993
Gavin Wiesen,1429260,1429260
Derrick Borte,1474508,1474508
Marielle Heller,1477002,1477002
Michael Cimino,1500000,1500000
Ira Sachs,1506998,1506998
Henry Alex Rubin,1523883,1523883
Lynn Shelton,1573712,1573712
Anurag Basu,1602466,1602466
Eric Blakeney,1631839,1631839
Mike Cahill,825366,1650732
Chris Paine,1677838,1677838
Kenneth Johnson,1686429,1686429
Carlos Saura,1687311,1687311
Frank LaLoggia,1705139,1705139
Greg Berlanti,1744858,1744858
Peter Care,1779284,1779284
Daniel Barber,1818681,1818681
Ken Loach,1829142,1829142
Tim Chambers,1889522,1889522
Mark Illsley,1943649,1943649
Michael Chapman,1953732,1953732
Antonio Banderas,1954202,1954202
Maria Maggenti,1977544,1977544
Noel Marshall,2000000,2000000
Nancy Walker,2000000,2000000
Lynne Ramsay,1002943,2005886
James Toback,1003112.5,2006225
Sterling Van Wagenen,2024854,2024854
David Atkins,2025238,2025238
Barry W. Blaustein,2047570,2047570
Antonia Bird,2060953,2060953
Kelly Reichardt,696631.3333,2089894
Paul Mazursky,2104000,2104000
Emile Ardolino,2119994,2119994
Wilson Yip,2126511,2126511
Kevin Brodie,2148212,2148212
Rakeysh Omprakash Mehra,2197331,2197331
Billy Ray,2207975,2207975
John Stephenson,2209479,2209479
Bille August,2221994,2221994
George Gallo,1122104,2244208
Angelo Pizzo,2246000,2246000
Max Mayer,2277396,2277396
Thomas Vinterberg,760618,2281854
Ari Folman,2283276,2283276
Lloyd Bacon,2300000,2300000
Christopher Scott Cherot,2301777,2301777
Jim Goddard,2315683,2315683
Fred Schepisi,2326407,2326407
Tom Brady,2331318,2331318
Kurt Hale,1181206.5,2362413
Dror Moreh,2408553,2408553
David G. Evans,2428241,2428241
Andy Garcia,2483955,2483955
Brad J. Silverman,2507106,2507106
Courtney Hunt,2508841,2508841
Jamie Babbit,1290519.5,2581039
David M. Matthews,2592808,2592808
Ron Fricke,2601847,2601847
Zal Batmanglij,1336955,2673910
George Hickenlooper,1347118,2694236
Ryan Fleck,2694973,2694973
Dan Rush,2711210,2711210
Vincent Gallo,1365832.5,2731665
Robert B. Weide,2775593,2775593
Jeff Franklin,2800000,2800000
William A. Graham,2807854,2807854
Harry Beaumont,2808000,2808000
Youssef Delara,2833383,2833383
Paolo Sorrentino,2835886,2835886
David Nixon,2848578,2848578
Susanne Bier,2849142,2849142
David Boyd,2859955,2859955
Clark Gregg,2926565,2926565
Vincente Minnelli,2956000,2956000
Rowan Joffe,2963012,2963012
Sean Durkin,2981638,2981638
Mark Sandrich,3000000,3000000
Harry F. Millarde,3000000,3000000
Terence Davies,3041803,3041803
Maggie Greenwald,3050934,3050934
Patrice Leconte,3058380,3058380
Harley Cokeliss,3060858,3060858
Darren Stein,1538720.5,3077441
Charlie Kaufman,3081925,3081925
Jon Stewart,3093491,3093491
Stephen Carpenter,3100650,3100650
Enrique Begne,3105269,3105269
Patrick Creadon,3117666,3117666
Gillian Robespierre,3122616,3122616
Susan Seidelman,3123749,3123749
Paul Schrader,1070520,3211560
Peter Medak,3275585,3275585
David LaChapelle,3278611,3278611
Louis C.K.,3293258,3293258
Jim Jarmusch,3300230,3300230
John Putch,3333823,3333823
Russell Holt,3347439,3347439
Drake Doremus,3388210,3388210
Denys Arcand,3432342,3432342
Duke Johnson,3442820,3442820
Maggie Carey,3447339,3447339
Jeremy Saulnier,1738571,3477142
Mike Marvin,3500000,3500000
Katja von Garnier,3525161,3525161
Richard Kwietniowski,1776659,3553318
Tom Schulman,3559990,3559990
Stacy Peralta,1784831.5,3569663
Floria Sigismondi,3571735,3571735
Michael Cuesta,1793737.5,3587475
Max Joseph,3590010,3590010
Christophe Barratier,3629758,3629758
Rick de Oliveira,3713002,3713002
Jill Sprecher,1865894.5,3731789
Michael Haneke,1247554.667,3742664
Mabrouk El Mechri,3749061,3749061
Deepa Mehta,1875914.5,3751829
Michael Radford,3752725,3752725
Laurent Cantet,3766595,3766595
Brian Baugh,3773863,3773863
Ayan Mukerji,3827466,3827466
Miranda July,3885134,3885134
Anthony Hickox,3902679,3902679
Whit Stillman,1972871.5,3945743
Xavier Beauvois,3950029,3950029
Jon Poll,3950294,3950294
Sam Firstenberg,4000000,4000000
Rodman Flender,4002955,4002955
Jeffrey W. Byrd,4006906,4006906
Wolfgang Becker,4063859,4063859
Philip Saville,4068087,4068087
Ronan Chapalain,4074023,4074023
Chan-wook Park,1365078,4095234
Gareth Evans,4105123,4105123
Rodrigo García,2062413.5,4124827
Charles Robert Carner,4131640,4131640
Peter M. Cohen,4142507,4142507
Damien O'Donnell,4170647,4170647
Russell Crowe,4190530,4190530
Adam Rifkin,4193025,4193025
Jean-Paul Rappeneau,2115453.5,4230907
Ritesh Batra,4231500,4231500
Marc Abraham,4234040,4234040
Paul Gross,4239767,4239767
Steven Shainberg,2133825.5,4267651
Vondie Curtis-Hall,4273372,4273372
Scott Marshall,2166927.5,4333855
Hart Bochner,4350774,4350774
Eric Bross,4356743,4356743
Randall Miller,2187123,4374246
Mark Tarlov,4394936,4394936
Robert Kenner,4417124,4417124
Jonathan Teplitzky,4435083,4435083
Vincent Paronnaud,4443403,4443403
Allison Anders,2239585.5,4479171
Zach Cregger,4542775,4542775
Tim Hunter,4600000,4600000
Deb Hagan,4693919,4693919
Mitch Davis,4720371,4720371
Bruce Paltrow,4734235,4734235
Dewey Nicks,4814244,4814244
Pawel Pawlikowski,2409346.5,4818693
Laurence Dunmore,4829497,4829497
Jez Butterworth,4919896,4919896
Todd Lincoln,4930798,4930798
Morgan Neville,4946250,4946250
Peter Kassovitz,4956401,4956401
Olivier Assayas,2496691.5,4993383
Eugène Lourié,5000000,5000000
Blake Edwards,5000000,5000000
Blair Hayes,5002310,5002310
Luca Guadagnino,5004648,5004648
Fina Torres,5018450,5018450
Tony Richardson,5100000,5100000
Robert Townsend,5228617,5228617
Craig Johnson,5283379,5283379
Hal Needham,5333658,5333658
Dan Fogelman,5348317,5348317
John Michael McDonagh,5359774,5359774
Tony Maylam,5430822,5430822
Bob Odenkirk,2757370.5,5514741
Matt Maiellaro,5518918,5518918
Cédric Klapisch,2774068,5548136
Jean-Marie Poiré,1874359.667,5623079
Marcos Siega,5654777,5654777
Sngmoo Lee,5664251,5664251
Dean Wright,5669081,5669081
Carlos Carrera,5709616,5709616
Charles Ferguson,1923750.667,5771252
Patricia Cardoso,5844929,5844929
Craig Bolotin,5871603,5871603
Charles S. Dutton,5881504,5881504
Matt Piedmont,5895238,5895238
Doug Lefler,5932060,5932060
Yash Chopra,2984638.5,5969277
Brian Trenchard-Smith,2987687,5975374
Ben Lewin,5997134,5997134
Matthew Robbins,6000000,6000000
Dave Meyers,6026908,6026908
Scott Kalvert,6044618,6044618
David Schwimmer,3028592.5,6057185
Nicholaus Goossen,6088249,6088249
Linda Mendoza,6126237,6126237
Jay Levey,6157157,6157157
Caroline Link,6173485,6173485
Émile Gaudreault,6239558,6239558
John Maybury,6301131,6301131
Anna Boden,6350058,6350058
Vicky Jenson,6373693,6373693
Anne Fontaine,3213100,6426200
Shari Springer Berman,3228333,6456666
Cyrus Nowrasteh,6462576,6462576
Kevin Spacey,3235557,6471114
Timothy Björklund,6491350,6491350
S.S. Rajamouli,6498000,6498000
Joshua Marston,6517198,6517198
Debra Granik,6531491,6531491
Jeb Stuart,3282467,6564934
Lorene Scafaria,6619173,6619173
Raymond De Felitta,6670712,6670712
Chris Eyre,6719300,6719300
Tony Kaye,3368024,6736048
J.S. Cardone,6755271,6755271
Joon-ho Bong,3382220.5,6764441
Marcus Dunstan,6842058,6842058
Risa Bramon Garcia,6851636,6851636
James Ponsoldt,6851969,6851969
Stuart Gordon,3435379,6870758
Roger Avary,3472357.5,6944715
Scott Alexander,6982680,6982680
Sylvain Chomet,7002255,7002255
Michael Dowse,3522255.5,7044511
Nnegest Likké,7059537,7059537
Ian Iqbal Rashid,7070459,7070459
Asghar Farhadi,7098492,7098492
Mike Mills,3550693.5,7101387
Werner Herzog,3591165.5,7182331
John Cameron Mitchell,2411756,7235268
Lars von Trier,2420522,7261566
Don Coscarelli,7282851,7282851
Karan Johar,3647069,7294138
Kevin Tenney,7369373,7369373
Dave Borthwick,7382993,7382993
Steve Boyum,3705141,7410282
Tommy Lee Jones,3726079,7452158
Menno Meyjes,7486906,7486906
Richard J. Lewis,7501404,7501404
Jean-Jacques Mantello,7518876,7518876
James Melkonian,7557877,7557877
Jeff Lowell,7563670,7563670
Michael Corrente,3845297.5,7690595
Gilles Paquet-Brenner,7691700,7691700
Lauren Lazin,7707563,7707563
Kar-Wai Wong,2574131.667,7722395
István Szabó,7739049,7739049
Jason Bateman,7764027,7764027
Christopher Leitch,7888703,7888703
Nicholas Jarecki,7918283,7918283
Larry Clark,3963651,7927302
Lexi Alexander,7948159,7948159
William A. Fraker,8000000,8000000
George Stevens,8000000,8000000
George Sidney,8000000,8000000
Marilyn Agrelo,8044906,8044906
Todd Solondz,2683273.667,8049821
Wil Shriner,8080116,8080116
Darnell Martin,8134217,8134217
Steve James,4181400.5,8362801
Jorma Taccone,8460995,8460995
Jeff Kanew,8508843,8508843
Mort Nathan,8586376,8586376
Brian Dannelly,8786715,8786715
Patrick Stettner,4427078.5,8854157
Benson Lee,8888355,8888355
Julian Schnabel,4476033,8952066
Russ Meyer,9000000,9000000
Duncan Tucker,9013113,9013113
Tina Gordon Chism,9123834,9123834
Tom Ford,9166863,9166863
Aaron Schneider,9176553,9176553
Kenneth Lonergan,4613385,9226770
John Waters,3112934,9338802
Josh Schwartz,9402410,9402410
François Girard,9473382,9473382
Jerry Jameson,4778834,9557668
Elia Kazan,9600000,9600000
Mamoru Hosoda,9628751,9628751
John Curran,4921857,9843714
Bob Saget,9975684,9975684
Benny Boom,10017041,10017041
Takao Okawara,10037390,10037390
Victor Nunez,5028086.5,10056173
Hark Tsui,10076136,10076136
Jonathan Kaplan,10114315,10114315
Mike Disa,10134754,10134754
Louis Morneau,10149779,10149779
Wallace Wolodarsky,10198766,10198766
Troy Duffy,10269307,10269307
Michael Martin,10305534,10305534
Catherine Owens,10353690,10353690
Mic Rodgers,10431220,10431220
Mark Piznarski,10494147,10494147
Damon Santostefano,10544143,10544143
Michael Patrick Jann,10561238,10561238
Bill Duke,10572742,10572742
Fred Dekker,10696210,10696210
Costa-Gavras,5415247.5,10830495
Niels Arden Oplev,10880926,10880926
William Arntz,10941801,10941801
Jon Kasdan,11043445,11043445
Daisy von Scherler Mayer,5530576,11061152
Hyung-rae Shim,5559985,11119970
Steve Gomer,11144518,11144518
Emilio Estevez,11204499,11204499
Uwe Boll,3739257.333,11217772
Hugh Johnson,11227940,11227940
Anand Tucker,3788462,11365386
Brian Klugman,11434867,11434867
Robert Butler,11466088,11466088
Roland Joffé,5734196,11468392
Fred Durst,11508423,11508423
Lance Rivera,11540112,11540112
Chia-Liang Liu,11546543,11546543
Chris Roberts,11576087,11576087
Matty Rich,5796499,11592998
Albert Brooks,11614236,11614236
Gary Halvorson,11634458,11634458
Michael Winterbottom,1940040.167,11640241
Dominique Othenin-Girard,11642254,11642254
Jim Hanon,11703287,11703287
Charles T. Kanganis,11784000,11784000
Rusty Cundieff,11797927,11797927
Newt Arnold,11806119,11806119
Daniel Taplitz,11827301,11827301
Prachya Pinkaew,11905519,11905519
Stewart Hendler,11956207,11956207
Jay Duplass,3008021.25,12032085
Christine Jeffs,12055108,12055108
Tamara Jenkins,6045322,12090644
Douglas McGrath,4033164.667,12099494
Jee-woon Kim,6077578,12155156
Steve Carver,12200000,12200000
Theodore Witcher,12514138,12514138
David Mamet,6272423.5,12544847
Bryan Barber,12549485,12549485
Robert Marcarelli,12610552,12610552
James Isaac,12610731,12610731
Sammo Kam-Bo Hung,12674183,12674183
Jerry Zaks,12782508,12782508
Benh Zeitlin,12784397,12784397
Douglas Aarniokoski,12801190,12801190
Pedro Almodóvar,12899702,12899702
Fred Walton,12947763,12947763
Michael Dinner,13019253,13019253
Drew Barrymore,13034417,13034417
Tony Bill,13082288,13082288
Damien Chazelle,13092000,13092000
François Ozon,6590965,13181930
Steve Rash,6596407,13192814
Fred Savage,13235267,13235267
Jon Gunn,4414159,13242477
Michael Wadleigh,13300000,13300000
Vadim Perelman,6654462,13308924
Mickey Liddell,13350177,13350177
Ulu Grosbard,13376506,13376506
Charles Shyer,13395939,13395939
John Boorman,13491653,13491653
Gregory Poirier,13558739,13558739
Jesse Vaughan,13571817,13571817
Mark Herman,6812790.5,13625581
Tuck Tucker,13684949,13684949
David Palmer,13746550,13746550
Miguel Sapochnik,13763130,13763130
Saul Dibb,13823741,13823741
Andrew Morahan,13829734,13829734
Brendan Malloy,13903262,13903262
Jessy Terrero,13922211,13922211
Lionel C. Martin,13960203,13960203
Richard Shepard,4655082.333,13965247
Mark Mylod,13987482,13987482
Michael Gornick,14000000,14000000
Uli Edel,7016129,14032258
Ringo Lam,14095303,14095303
Gary Sherman,14114488,14114488
Harmony Korine,14123773,14123773
Tom Green,14249005,14249005
James Mather,14291570,14291570
Wych Kaosayananda,14294842,14294842
Nick Hamm,14334645,14334645
Rob Hedden,14343976,14343976
Franco Zeffirelli,14348123,14348123
Joby Harold,14373825,14373825
Elaine May,14375181,14375181
Tommy Lee Wallace,14400000,14400000
Alejandro Monteverde,7264283,14528566
Jonathan Glazer,4850401,14551203
Clive Barker,14564027,14564027
John Hillcoat,4861440.667,14584322
David Robert Mitchell,14673301,14673301
Lenny Abrahamson,14677654,14677654
Bruce Hunt,14888028,14888028
Sergio Leone,4966666.667,14900000
Mary Harron,15047419,15047419
Alan Cohn,15062898,15062898
Steve Barron,15091542,15091542
Wayne Kramer,7549508.5,15099017
Neal Brennan,15102127,15102127
Joe Chappelle,15126948,15126948
Ed Gass-Donnelly,15152879,15152879
Melvin Van Peebles,15180000,15180000
Danny Pang,15279680,15279680
Rob Schmidt,15417771,15417771
Nick Gomez,15427192,15427192
Josef Rusnak,15500000,15500000
Paul Bolger,15519841,15519841
RZA,15608545,15608545
Trent Cooper,15655665,15655665
Sidney J. Furie,15681020,15681020
Paul Abascal,15712072,15712072
Demian Lichtenstein,15738632,15738632
Atom Egoyan,2626617,15759702
Andrew Erwin,7892777,15785554
Matt Bettinelli-Olpin,15818967,15818967
Britt Allcroft,15911333,15911333
Adam Marcus,15935068,15935068
Brian Koppelman,7996484,15992968
Richard Kelly,5348993,16046979
Karey Kirkpatrick,16088610,16088610
Rob McKittrick,16101109,16101109
Gregory Widen,16115878,16115878
James Bridges,16118077,16118077
Ariel Vromen,8103987,16207974
Michael Cristofer,16252765,16252765
Joshua Michael Stern,16284360,16284360
Willard Huyck,16295774,16295774
Peter Kosminsky,16346122,16346122
Mark Christopher,16574731,16574731
Jonas Elmer,16699684,16699684
Janusz Kaminski,16779636,16779636
Carol Reed,16800000,16800000
Michael O. Sajbel,8406022.5,16812045
Ben Younger,16938179,16938179
Peter Hastings,16988996,16988996
E. Elias Merhige,8495790.5,16991581
John 'Bud' Cardos,17000000,17000000
Don Mancini,17016190,17016190
Kevin Hooks,17100000,17100000
Mike Leigh,3446448.4,17232242
Ellory Elkayem,17266505,17266505
Cheryl Dunye,17321573,17321573
J.C. Chandor,5788705,17366115
Mark L. Lester,8687778.5,17375557
David Nutter,17411331,17411331
Carter Smith,17427926,17427926
Antony Hoffman,17473245,17473245
Vincenzo Natali,8744133,17488266
Michael J. Bassett,17529157,17529157
Patricia Rozema,17655201,17655201
Gonzalo López-Gallego,17683670,17683670
Jeff Schaffer,17718223,17718223
Stephen Chbosky,17738570,17738570
Katt Shea,17757087,17757087
Nanette Burstein,17797316,17797316
Stephen Chow,5933406.333,17800219
Daniel Sackheim,17951431,17951431
Frank Nissen,18081626,18081626
Michael Polish,4525680,18102720
Bradley Parker,18112929,18112929
Bart Freundlich,9116699.5,18233399
Leon Ichaso,18272447,18272447
Dustin Hoffman,18381787,18381787
Ricky Gervais,18439082,18439082
John Sayles,4628904,18515616
Yimou Zhang,2318076.25,18544610
Asger Leth,18600911,18600911
Don Kempf,18642318,18642318
Julian Jarrold,18663911,18663911
Richard Eyre,9400394.5,18800789
Doug Atchison,18811135,18811135
John Bonito,18843314,18843314
Andrew Dominik,9421776,18843552
Noah Baumbach,6333134.667,18999404
Allen Coulter,19057024,19057024
Stuart Beattie,19059018,19059018
Adrienne Shelly,19067631,19067631
Stephan Elliott,9557664,19115328
John Carl Buechler,19170001,19170001
George Jackson,19281235,19281235
Susan Stroman,19377727,19377727
Maurice Joyce,19421271,19421271
Gary Chapman,19447478,19447478
Tom McLoughlin,19472057,19472057
Kurt Wimmer,9845492,19690984
Allen Hughes,19692608,19692608
Edward Burns,6566801,19700403
Mikael Salomon,19819494,19819494
DJ Pooh,9959215.5,19918431
Jean-François Richet,19976073,19976073
Kris Isacsson,20035310,20035310
Alan Shapiro,20047715,20047715
Juan José Campanella,20167424,20167424
Jim Sonzero,20259297,20259297
Robert Ben Garant,20339754,20339754
Richard Glatzer,10173199.5,20346399
King Vidor,20400000,20400000
John Gray,20400913,20400913
Nick Hurran,20422207,20422207
Peter Atencio,20566327,20566327
Oliver Hirschbiegel,10286727,20573454
Robert Duvall,20733485,20733485
Joseph Sargent,20763013,20763013
Harold Cronk,20773070,20773070
Martin Weisz,20801344,20801344
Lisa Cholodenko,20803237,20803237
Todd Haynes,6966532,20899596
Annabel Jankel,20915465,20915465
Chris Carter,20981633,20981633
Don Michael Paul,10527922.5,21055845
Ernest R. Dickerson,21088568,21088568
Chris Robinson,21160089,21160089
Joseph Kahn,21176322,21176322
Danny Steinmann,21300000,21300000
Rand Ravich,10654581,21309162
Chris Gorak,21426805,21426805
John Ottman,21468807,21468807
Roger Christian,21471685,21471685
Brian Percival,21483154,21483154
George A. Romero,7162538.333,21487615
Nat Faxon,21501098,21501098
David E. Talbert,21564616,21564616
Justin Zackham,21784432,21784432
Michael Mayer,11013863,22027726
Gordon Chan,22108977,22108977
Jaume Balagueró,11093554.5,22187109
Jeremy Leven,22200000,22200000
Mike Bigelow,22264487,22264487
Mark Brown,11164131.5,22328263
Dean Israelite,22331028,22331028
Philip G. Atwell,22466994,22466994
Kasi Lemmons,7508596.667,22525790
Don Scardino,22525921,22525921
Martin McDonagh,11373445.5,22746891
Travis Cluff,22757819,22757819
Peter R. Hunt,22800000,22800000
Brandon Camp,22927390,22927390
Nigel Cole,11465291,22930582
Sergey Bodrov,7651924.667,22955774
Wally Pfister,23014504,23014504
Paul Hunter,23020488,23020488
Ice Cube,23031390,23031390
Alister Grierson,23070045,23070045
Glen Morgan,11543718.5,23087437
Kevin Allen,11704219,23408438
Terry George,23472900,23472900
Christian Alvart,11787269.5,23574539
Ron Maxwell,11820264.5,23640529
William Wyler,23650000,23650000
Rob Pritts,23978402,23978402
Jody Hill,23993605,23993605
Troy Nixey,24042490,24042490
Tomas Alfredson,24104113,24104113
John Herzfeld,24375436,24375436
Andy Cadiff,12189514,24379028
Tim Fywell,24381334,24381334
Joseph Gordon-Levitt,24475193,24475193
Erik White,24708699,24708699
Jesse Peretz,12425044.5,24850089
Michael Anderson,25000000,25000000
Billy Wilder,25000000,25000000
Anthony Bell,25077977,25077977
Gary McKendry,25093607,25093607
Robert Eggers,25138292,25138292
Pat O'Connor,25178165,25178165
Dan Cutforth,25240988,25240988
Alex Garland,25440971,25440971
Olatunde Osunsanmi,25464480,25464480
Richard Benjamin,8523554.667,25570664
John Carney,12803337,25606674
Damien Dante Wayans,25615792,25615792
David Gelb,25799043,25799043
Craig Mazin,12942415,25884830
Masayuki Ochiai,25926543,25926543
Scott Frank,25977365,25977365
Des McAnuff,26000610,26000610
Tom Gormican,26049082,26049082
Troy Miller,26096584,26096584
J.A. Bayona,13077951,26155902
Patrick Gilmore,26288320,26288320
Lone Scherfig,13170364.5,26340729
Joe Berlinger,26421314,26421314
Bronwen Hughes,26539321,26539321
Jason Zada,26583369,26583369
Ethan Maniquis,26589953,26589953
Stephen J. Anderson,26687172,26687172
Courtney Solomon,13396270,26792540
Jessica Bendinger,26870825,26870825
Eric Valette,26876529,26876529
Diane English,26896744,26896744
Rick Friedberg,26906039,26906039
Kirk Wong,27052167,27052167
Jeff Nichols,6768182.75,27072731
Brian Henson,27281507,27281507
Gary Hardwick,27457409,27457409
Mike Flanagan,27689474,27689474
Ciarán Foy,27736779,27736779
Gene Quintano,27979400,27979400
Vic Armstrong,13998282,27996564
Martha Coolidge,28165882,28165882
John Stainton,28399192,28399192
Bill Paxton,14217558.5,28435117
Greg Coolidge,28435406,28435406
John Lafia,28501605,28501605
Philip Kaufman,14280438,28560876
Juan Carlos Fresnadillo,28637507,28637507
Ed Harris,14401958.5,28803917
Joe Charbanic,28927720,28927720
Ed Decter,28972187,28972187
Mark Rydell,29200000,29200000
Thomas Bezucha,14620531,29241062
Bob Spiers,29247405,29247405
Sara Sugarman,29302097,29302097
Craig R. Baxley,14771657,29543314
Kinka Usher,29655590,29655590
John McNaughton,29753944,29753944
Joe Nussbaum,9959544.667,29878634
Michael Spierig,29975979,29975979
Jack Sholder,30000000,30000000
Jacques Perrin,15084292,30168584
Rick Rosenthal,30259652,30259652
Bob Dolman,30306281,30306281
John Fortenberry,30324946,30324946
Zach Braff,15185077.5,30370155
Derek Cianfrance,15542428.5,31084857
Christopher Erskin,31179516,31179516
David Moreau,31397498,31397498
Levan Gabriadze,31537320,31537320
Dexter Fletcher,15785632,31571264
Jim Field Smith,31584722,31584722
Craig Brewer,15799061.5,31598123
Mark Tonderai,31607598,31607598
Kirsten Sheridan,31655091,31655091
Shane Acker,31743332,31743332
Walter Salles,10595382.67,31786148
Davis Guggenheim,10623990,31871970
Adam Brooks,31973840,31973840
Alfred Hitchcock,32000000,32000000
Tim Blake Nelson,16017403,32034806
Patrick Read Johnson,16020539,32041078
Tony Goldwyn,16040010,32080020
Susanna White,16051833,32103666
Hironobu Sakaguchi,32131830,32131830
Hayao Miyazaki,8035078.75,32140315
Marco Schnabel,32178777,32178777
Dan Gilroy,32279955,32279955
Stanley Tong,32333860,32333860
Mike Figgis,16184070,32368140
Grant Heslov,32416109,32416109
Christopher Landon,32453345,32453345
Steve Bendelack,32553210,32553210
Joseph Zito,32600000,32600000
Bonnie Hunt,32662299,32662299
John Gatins,32701088,32701088
Rowdy Herrington,16372049.5,32744099
Marcus Raboy,32983713,32983713
Daniel Barnz,16581724.5,33163449
Dinesh D'Souza,33349949,33349949
Sheldon Lettich,16688152.5,33376305
John Patrick Shanley,33422556,33422556
Steven E. de Souza,33423521,33423521
Kent Alterman,33472850,33472850
Jonathan Hensleigh,33682273,33682273
Matt Williams,33771174,33771174
Phil Traill,33860010,33860010
Kelly Makin,33864342,33864342
Mark Romanek,17004588,34009176
Ari Sandel,34017854,34017854
Peter Sollett,11364755,34094265
Kevin Tancharoen,17156524,34313048
Patty Jenkins,34468224,34468224
Tommy O'Haver,17236968,34473936
George Armitage,17242965,34485930
Peter Landesman,34531832,34531832
James Gray,8644778.5,34579114
Florent-Emilio Siri,34636443,34636443
Liz Friedlander,34703228,34703228
Martin Lawrence,34746109,34746109
Robert Harmon,17441330,34882660
J Blakeson,34912982,34912982
Mark Helfrich,35000629,35000629
Todd Strauss-Schulson,35033759,35033759
Christian Duguay,17517536.5,35035073
Oliver Parker,11680929,35042787
Scott Speer,35057332,35057332
Justin Chadwick,17569852.5,35139705
Jake Schreier,17657851,35315702
Joseph Ruben,35324232,35324232
Gregory Nava,35422828,35422828
Dan Mazer,35537564,35537564
Andrew Bergman,17877202.5,35754405
Robert Lorenz,35754555,35754555
Henry Koster,36000000,36000000
Cecil B. DeMille,36000000,36000000
Diane Keaton,36037909,36037909
Barry Cook,36073232,36073232
Walter Hill,12033772.33,36101317
Todd Graff,18062755,36125510
Camille Delamarre,18156692,36313384
Don Siegel,36500000,36500000
Chuck Sheetz,36696761,36696761
Chris Nahon,36833473,36833473
David Raynr,12311973.67,36935921
Edward Norton,37036404,37036404
Neil Marshall,12361207,37083621
Nicolas Winding Refn,9317273.25,37269093
Christian E. Christiansen,37300107,37300107
Alan Poul,37481242,37481242
John Hoffman,37566230,37566230
Joan Chen,37752931,37752931
Kerry Conran,37760080,37760080
Joel Gallen,37882551,37882551
Sean Penn,19036192,38072384
James Foley,12697948.33,38093845
Paul Michael Glaser,38122105,38122105
Mike Nawrocki,19136615.5,38273231
Carl Rinsch,38297305,38297305
John Crowley,38317535,38317535
Phil Joanou,38432823,38432823
Steven Seagal,38590500,38590500
James Marsh,19422620.5,38845241
Rachel Talalay,19468313,38936626
Gurinder Chadha,19571399,39142798
Patrick Hughes,39292022,39292022
Peter Webber,19651154.5,39302309
John Eng,39399750,39399750
Steve Antin,39440655,39440655
Joe Camp,39552600,39552600
Harry Elfont,19795973.5,39591947
Xavier Gens,19854764,39709528
Michael Schultz,19939865,39879730
Cathy Malkasian,39880476,39880476
Leslie Small,19968440.5,39936881
Billy Bob Thornton,20001270.5,40002541
Chris Stokes,40066497,40066497
Pitof,40198710,40198710
Beeban Kidron,40203020,40203020
David Mirkin,40334024,40334024
Perry Andelin Blake,40363530,40363530
Nicole Holofcener,8080269,40401345
David Lynch,13605814.67,40817444
Ken Scott,20436915,40873830
Richard Fleischer,20450000,40900000
Daniel Stamm,40990055,40990055
Morgan Spurlock,13680406,41041218
Todd Field,20689126.5,41378253
Tim Robbins,20962485,41924970
Tim McCanlies,20986531,41973062
Drew Goddard,42043633,42043633
Karyn Kusama,21031390,42062780
Jorge Blanco,42194060,42194060
Danny DeVito,14094771.67,42284315
Michael Dougherty,42592530,42592530
James Gartner,42643187,42643187
Stuart Gillard,42660000,42660000
Jim Fall,42672630,42672630
Chris Kentis,21528056,43056112
Scott Waugh,43568507,43568507
Audrey Wells,43601508,43601508
Jerome Robbins,43650000,43650000
Shana Feste,14576182.67,43728548
Gary David Goldberg,43894863,43894863
Bernardo Bertolucci,43984230,43984230
Theodore Melfi,44134898,44134898
Fernando Meirelles,14734054.67,44202164
Danny Cannon,22134792.5,44269585
Michael Rymer,22155472.5,44310945
Eugenio Derbez,44456509,44456509
Christopher Guest,11141198,44564792
Michel Hazanavicius,44667095,44667095
Elizabeth Allen Rosenbaum,22378561,44757122
Jun Falkenstein,45542421,45542421
Lee Toland Krieger,22786431,45572862
Clare Kilner,22846909,45693818
Christopher Cain,22896599.5,45793199
Patrick Tatopoulos,45802315,45802315
Paul Weiland,46012734,46012734
Stanley Kramer,46300000,46300000
Sarah Smith,46440491,46440491
Griffin Dunne,23361862.5,46723725
Christian Ditter,46813366,46813366
Christophe Gans,46982632,46982632
Michael Hoffman,15812603.67,47437811
Mennan Yapo,47852604,47852604
Steve Trenbirth,47887943,47887943
Simon Curtis,23951221,47902442
Cedric Nicolas-Troyan,47952020,47952020
Jennifer Flackett,48006503,48006503
Tom Holland,24208079.5,48416159
Robin Budd,48423368,48423368
Aaron Seltzer,48546578,48546578
Nicholas Hytner,16329422,48988266
Dwight H. Little,24647196.5,49294393
Jane Campion,16438503.33,49315510
Rod Lurie,9930159.8,49650799
David S. Ward,49797148,49797148
Anthony Hemingway,49875589,49875589
Geoff Murphy,50024083,50024083
Rupert Wainwright,50041732,50041732
Jorge R. Gutiérrez,50150619,50150619
Kevin Donovan,50189179,50189179
Darren Grant,50382128,50382128
R.J. Cutler,50461335,50461335
Mira Nair,10102398.8,50511994
Tom McCarthy,25363778,50727556
Alexander Witt,50740078,50740078
Graham Annable,50807639,50807639
Sam Fell,50818750,50818750
Stiles White,50820940,50820940
Garth Jennings,51019112,51019112
Cory Edwards,51053787,51053787
Denzel Washington,25652144.5,51304289
John Wells,25694569,51389138
Gillian Armstrong,25755994.5,51511989
Ava DuVernay,26072015,52144030
Leigh Whannell,52200504,52200504
Alejandro Agresti,52320979,52320979
Sam Miller,26303995.5,52607991
Ted Demme,52937130,52937130
Anton Corbijn,17901682.67,53705048
Peter MacDonald,53715611,53715611
William Malone,27027052.5,54054105
Peter Hedges,27106817,54213634
Luis Valdez,54215416,54215416
Fede Alvarez,54239856,54239856
Sean McNamara,27132702,54265404
James Watkins,27164048.5,54328097
Nima Nourizadeh,54724272,54724272
Fred Wolf,27400373,54800746
Mark A.Z. Dippé,54967359,54967359
William Shatner,55210049,55210049
Kevin Munroe,27657975,55315950
Vincent Ward,55350897,55350897
Tommy Wirkola,27861889.5,55723779
Gary Shore,55942830,55942830
Chris Butler,55994557,55994557
Steve Box,56068547,56068547
Preston A. Whitmore II,28065801,56131602
Brett Leonard,28074500,56149000
Thea Sharrock,56154094,56154094
Geoffrey Sax,28259120.5,56518241
David F. Sandberg,56536016,56536016
David Hackl,56729973,56729973
Cal Brunker,57011847,57011847
John Dahl,14368052.25,57472209
Ericson Core,28772222,57544444
Joseph L. Mankiewicz,57750000,57750000
Matthew O'Callaghan,58336565,58336565
Jamie Blanks,29216386.5,58432773
Will Finn,29243671.5,58487343
Bruce McCulloch,19525348.33,58576045
David Cronenberg,11758590.4,58792952
Ash Brannon,58867694,58867694
John Francis Daley,58879132,58879132
Brad Anderson,11783745.6,58918728
Kevin Macdonald,19717492.67,59152478
Jodie Foster,19828357,59485071
Mark Pellington,29795598.5,59591197
Christopher Spencer,59696176,59696176
Jonathan Dayton,59889948,59889948
Mike Binder,19997673.67,59993021
Forest Whitaker,60033780,60033780
Michael McCullers,60269340,60269340
Steve McQueen,30334087,60668174
Stephen Kay,20447712,61343136
Tom Hanks,30687894,61375788
Andrew Fleming,15397312.25,61589249
Salim Akil,30846431.5,61692863
Tom Tykwer,12417028.8,62085144
Måns Mårlind,62321039,62321039
Terrence Malick,20800391.67,62401175
Babak Najafi,62401264,62401264
George Nolfi,62453315,62453315
Mary Lambert,31343338.5,62686677
Robert Altman,20977080.33,62931241
Colin Strause,31584245.5,63168491
Andrey Konchalovskiy,31799588,63599176
Jeff Wadlow,21214091,63642273
Steven Zaillian,31962179.5,63924359
Peter Lepeniotis,64238770,64238770
Andrew Douglas,64255243,64255243
Shekhar Kapur,21527877,64583631
Danny Leiner,32477269.5,64954539
Jason Moore,64998368,64998368
Hugh Hudson,32671597,65343194
Dennis Iliadis,32721635,65443270
Sanaa Hamri,32804053,65608106
Gregory Jacobs,66009973,66009973
Angela Robinson,33049398.5,66098797
Terry Zwigoff,33129197.5,66258395
Jimmy Hayward,33143569,66287138
Jessie Nelson,33277685,66555370
Sofia Coppola,16789091.5,67156366
Neil LaBute,22429132.67,67287398
Mark Rosman,33839467.5,67678935
John Schlesinger,34064786,68129572
Richard Loncraine,22725551.67,68176655
Sidney Lumet,17078655.5,68314622
Peter Howitt,17167359,68669436
Roman Polanski,17170880.75,68683523
Michael Tiddes,23010448,69031344
Scott Stewart,34652353,69304706
Chris Noonan,34787824.5,69575649
Colin Higgins,69700000,69700000
Rian Johnson,34993971,69987942
Mike McCoy,70011073,70011073
Kevin Bray,35671485,71342970
Nimród Antal,23803177,71409531
Sharon Maguire,71500556,71500556
Andrés Muschietti,71588220,71588220
Gil Junger,35799457,71598914
Ron Underwood,23902065,71706195
Simon Wincer,17934709.75,71738839
Dan Trachtenberg,71897215,71897215
Frederik Du Chau,35952314.5,71904629
Steve Beck,35973638,71947276
Michael Tollin,35985688,71971376
George Cukor,72000000,72000000
Eli Roth,24002936,72008808
Amy Heckerling,24032854,72098562
Jim Gillespie,72219395,72219395
Nelson McCormick,36440360,72880720
Kelly Asbury,73215310,73215310
Kevin Greutert,36670134,73340268
Victor Salva,24556334.33,73669003
Julie Taymor,18681693.25,74726773
Stefen Fangmeier,75030163,75030163
Chris Koch,37708562.5,75417125
John Stockwell,25173302,75519906
Chris Rock,25205343.67,75616031
David Carson,75668868,75668868
Hideo Nakata,75888270,75888270
Paul King,76137505,76137505
Jean-Marc Vallée,25388618,76165854
Stig Bergqvist,76501438,76501438
James Frawley,76657000,76657000
Luis Mandoki,38421768,76843536
Dennie Gordon,19286641,77146564
James Ivory,12859911,77159466
Luc Jacquet,77413017,77413017
Simon Wells,39032067,78064134
Alex Kendrick,26049454.33,78148363
Charles Stone III,39099232,78198464
Harald Zwart,39225460,78450920
Michael Pressman,78656813,78656813
Barbet Schroeder,26230720,78692160
John Badham,79568000,79568000
John Polson,39830795,79661590
Gina Prince-Bythewood,26606770.67,79820312
Howard Deutch,26737630.67,80212892
Roger Kumble,26742807.67,80228423
Henry Selick,40344787.5,80689575
Gil Kenan,40766351.5,81532703
Mathieu Kassovitz,41059883,82119766
Gabor Csupo,82234139,82234139
Richard Attenborough,27513932.33,82541797
Akiva Schaffer,27540615.67,82621847
Alan Parker,27542401.33,82627204
Richard Curtis,27551257.67,82653773
David Soren,83024900,83024900
Jim Abrahams,83400000,83400000
Niki Caro,27855546.67,83566640
Brian Gibson,41967834,83935668
Norman Ferguson,84300000,84300000
Tod Williams,84749884,84749884
Sylvain White,42442088,84884176
Mike Judge,21287223,85148892
David Wain,28419487.33,85258462
Trey Parker,28455048.67,85365146
Stephen Hillenburg,85416609,85416609
Ric Roman Waugh,42919096,85838192
Patricia Riggen,28823757.67,86471273
Ryan Murphy,43664454,87328908
Joel Edgerton,43771291,87542582
Michael Ritchie,43968571,87937142
Paul McGuigan,12567396.14,87971773
Craig Gillespie,22061759,88247036
Jean-Pierre Jeunet,17695693.4,88478467
Russell Mulcahy,29534642.33,88603927
Robert Iscove,29623015.67,88869047
Julie Anne Robinson,44669273,89338546
John Milius,29907537.33,89722612
Steven Quale,45064615,90129230
Rick Famuyiwa,22532852.25,90131409
Callie Khouri,45127693.5,90255387
Etan Cohen,90353764,90353764
Joe Pytka,90443603,90443603
Tamra Davis,30552104.67,91656314
John Luessenhop,46039488,92078976
Tom Vaughan,46065803,92131606
Brad Furman,30748254.67,92244764
Morten Tyldum,46159102,92318204
John Frankenheimer,30878118,92634354
Gregory Hoblit,30916118,92748354
Kimberly Peirce,23244733.25,92978933
Bille Woodruff,23393527.5,93574110
John Schultz,31492071.33,94476214
Edgar Wright,23645148.25,94580593
Jon Hurwitz,47405723,94811446
Patrick Lussier,31744983.33,95234950
Michael Patrick King,95328937,95328937
Gavin O'Connor,19305243.8,96526219
Steve Miner,19357239.8,96786199
Charles Herman-Wurmfeld,32424650,97273950
Lawrence Kasdan,19457037.8,97285189
David Kellogg,97360069,97360069
Rob Zombie,19484080,97420400
Joe Carnahan,32542914.33,97628743
Michael Lehmann,32599584,97798752
Peter Cattaneo,19638493.8,98192469
Ole Bornedal,49122319,98244638
Pete Travis,33023224,99069672
Alejandro Amenábar,24807691,99230764
Bo Welch,100446895,100446895
Igor Kovalyov,100491683,100491683
Reginald Hudlin,33541019,100623057
Joel Coen,25227835.25,100911341
Andrew Niccol,20191060.2,100955301
Alexandre Aja,25279378.25,101117513
Brenda Chapman,101217900,101217900
Ron Shelton,25338681.5,101354726
Irwin Winkler,25488293.25,101953173
Robert Stevenson,102300000,102300000
Jeannot Szwarc,102922376,102922376
Peter Ramsey,103400692,103400692
Jonathan Levine,34466990.67,103400972
Miguel Arteta,20831131.6,104155658
Bennett Miller,52176531,104353062
Terence Young,34822345,104467035
Carl Franklin,35219308,105657924
Norman Jewison,26447237.5,105788950
Noam Murro,106369117,106369117
Duncan Jones,35561858,106685574
Clay Kaytis,107225164,107225164
Evan Goldberg,53787688.5,107575377
Frank Miller,35877099,107631297
Oren Peli,107917283,107917283
Jon Avnet,36017707.67,108053123
Jean-Jacques Annaud,36081973.33,108245920
John A. Davis,54527053.5,109054107
Peter Billingsley,109176215,109176215
Jim Sheridan,27317148,109268592
John Cornell,109306210,109306210
David Koepp,22001923.8,110009619
Lawrence Guterman,55192898.5,110385797
Burr Steers,27718895.25,110875581
Steve Pink,37044660,111133980
Stuart Baird,55934939.5,111869879
William Brent Bell,37372505,112117515
Stephen Gaghan,37449981,112349943
Stanley Kubrick,56176525.5,112353051
Scott Cooper,37784272.33,113352817
John Erick Dowdle,28439563.5,113758254
Byron Howard,114053579,114053579
Denis Villeneuve,38231814,114695442
Michael Caton-Jones,28698915.75,114795663
Mark Neveldine,23086958.4,115434792
José Padilha,39074024.67,117222074
Phil Alden Robinson,118471320,118471320
Hoyt Yeatman,119420252,119420252
Cody Cameron,119793567,119793567
John R. Leonetti,60095621.5,120191243
Dave Green,60277788.5,120555577
Tony Bancroft,120618403,120618403
Penelope Spheeris,121697350,121697350
Richard LaGravenese,24549686.6,122748433
Iain Softley,30706329.25,122825317
Luis Llosa,61460285,122920570
Jay Chandrasekhar,30732667.25,122930669
Peter Sohn,123070338,123070338
James McTeigue,41535952.33,124607857
Jared Hess,41617368,124852104
Josh Boone,124868837,124868837
Michael Sucsy,125014030,125014030
Ryan Coogler,62905363.5,125810727
Ronny Yu,31546275.25,126185101
Steve Hickner,126597121,126597121
P.J. Hogan,126805112,126805112
Mel Gibson,42319717.33,126959152
Peter Farrelly,127175354,127175354
David McNally,63760630.5,127521261
Daniel Espinosa,42514886.67,127544660
Jay Russell,42599492,127798476
Jason Friedberg,32200757.75,128803031
Don Bluth,43047551.67,129142655
Stephen Daldry,25924134,129620670
Howard Zieff,64823621,129647242
Warren Beatty,65132280,130264560
Paul Thomas Anderson,21886070,131316420
Mark Steven Johnson,67027640,134055280
Breck Eisner,45033973.33,135101920
Stephen Norrington,68231832.5,136463665
Jon Lucas,45532793,136598379
Paul Haggis,34255408.25,137021633
David S. Goyer,45891239.67,137673719
Eric Leighton,137748063,137748063
Peter Lord,68922520.5,137845041
Charles Martin Smith,46309696.33,138929089
Glenn Ficarra,46709119.33,140127358
Daniel Myrick,140530114,140530114
Jonathan Lynn,35177212.5,140708850
Mike Gabriel,141600000,141600000
Bob Clark,47250427,141751281
Alessandro Carloni,143523463,143523463
Alan J. Pakula,71822610.5,143645221
Josh Gordon,72955999,145911998
David Dobkin,36600260.5,146401042
Barbra Streisand,48813342.33,146440027
Florian Henckel von Donnersmarck,48848990.33,146546971
Kathryn Bigelow,48863131,146589393
Michael Lembeck,73640067,147280134
Peter Hewitt,36848936,147395744
Ben Falcone,73776455,147552910
Spike Jonze,36970759,147883036
David Gordon Green,18500107.25,148000858
Tom McGrath,148337537,148337537
Takashi Shimizu,74659855,149319710
J.B. Rogers,75306764,150613528
Guy Hamilton,37825000,151300000
Gary Fleder,25251115.17,151506691
Terry Gilliam,21652967.29,151570771
Lewis Gilbert,50866666.67,152600000
Clark Johnson,76461288,152922576
George Tillman Jr.,38240794,152963176
Nicholas Meyer,76894498,153788996
Rob Bowman,38552786.75,154211147
David Twohy,38588475.75,154353903
Rupert Sanders,155111815,155111815
Michel Gondry,38942559.75,155770239
Ruben Fleischer,52880309.33,158640928
Jake Kasdan,39783454.5,159133818
John Hamburg,53074928.33,159224785
Herbert Ross,80000000,160000000
James Wong,40164921,160659684
Roger Spottiswoode,53634485.67,160903457
Richard Linklater,14664905.73,161313963
Paul Tibbitt,162495848,162495848
Jon Amiel,41167332,164669328
Jennifer Yuh Nelson,165230261,165230261
Mikael Håfström,41538679.75,166154719
Joe Roth,83654787.5,167309575
Sam Taylor-Johnson,83796625.5,167593251
Richard Lester,56238335,168715005
Mick Jackson,84709916,169419832
Kevin Rodney Sullivan,56863546.33,170590639
David Lean,42830500,171322000
Sylvester Stallone,86625371,173250742
Marc Lawrence,57816812.67,173450438
Timur Bekmambetov,57857445,173572335
Phyllida Lloyd,86831823,173663646
Peter Hyams,34837036,174185180
Peter Faiman,174635000,174635000
Greg Mottola,58286668.33,174860005
Boaz Yakin,58473535.67,175420607
Josh Trank,58933646,176800938
Scott Hicks,35583306.4,177916532
Andrzej Bartkowiak,35821900,179109500
Tom Dey,59744646,179233938
Pierre Morel,45041021.5,180164086
Kirk Jones,36288821.8,181444109
Dominic Sena,60561607.67,181684823
George Clooney,45423646.75,181694587
David Silverman,183132370,183132370
Wes Ball,92050596.5,184101193
Gary Trousdale,92077321,184154642
Wayne Wang,36964195.2,184820976
William Cottrell,184925485,184925485
Baltasar Kormákur,61769955,185309865
David Bowers,46425301,185701204
Albert Hughes,46479830.75,185919323
Michael Moore,37183996,185919980
Henry Joost,62256524.33,186769573
Robert Redford,37480452.8,187402264
Jesse Dylan,62696845,188090535
John Moore,47027413,188109652
Thomas Carter,62806443.67,188419331
Sam Weisman,47157207.25,188628829
Rich Moore,189412677,189412677
Harold Becker,37991927.8,189959639
Les Mayfield,38174620.8,190873104
Taylor Hackford,31855070.5,191130423
Luke Greenfield,47941854.75,191767419
Elizabeth Banks,96132575.5,192265151
Kevin Lima,97324218,194648436
Peter Chelsom,39355909.2,196779546
Brian Robbins,32805137.67,196830826
Ken Kwapis,49216905.75,196867623
Milos Forman,66060211.67,198180635
Will Gluck,66705160,200115480
Tate Taylor,100109763.5,200219527
Nathan Greno,200807262,200807262
Eric Brevig,100935564,201871128
Kenny Ortega,67305179.33,201915538
Tony Gilroy,67583511.33,202750534
Nick Cassavetes,51045757.25,204183029
Stephen Hopkins,34118334.5,204710007
Kevin Smith,20553808.6,205538086
Thor Freudenthal,68527744.67,205583234
Jonathan Frakes,51468038.5,205872154
George P. Cosmatos,69691679,209075037
John Whitesell,42166964.6,210834823
Mike Nichols,42178760.2,210893801
Bibo Bergeron,105782341.5,211564683
Lee Daniels,70568409.33,211705228
Roger Michell,71263290.67,213789872
James DeMonaco,71596003.33,214788010
Mimi Leder,71741432.67,215224298
Neil Jordan,27003349.63,216026797
John Pasquin,72025478,216076434
Randal Kleiser,108076580,216153160
James Bobin,72217146.33,216651439
Mark Osborne,108367086.5,216734173
Kirk De Micco,108635757,217271514
Stephen Frears,24252967.22,218276705
Frank Darabont,54632879.25,218531517
Luc Besson,54837368.25,219349473
Nora Ephron,73290400.67,219871202
James L. Brooks,73298138.33,219894415
Wes Anderson,31439603.29,220077223
Victor Fleming,110428945,220857890
Tarsem Singh,55498651,221994604
Don Hall,222487711,222487711
Hugh Wilson,55708283.75,222833135
Tobe Hooper,37971422.5,227828535
Keenen Ivory Wayans,57018530.5,228074122
Bruce Beresford,76045092.33,228135277
Ben Affleck,114096341.5,228192683
Mark Dindal,76080276.33,228240829
Roger Donaldson,32931217.29,230518521
Darren Lynn Bousman,57646484.75,230585939
Neil Burger,46142843.2,230714216
David R. Ellis,38635832.17,231814993
Angelina Jolie Pitt,58010068.5,232040274
Matthew Vaughn,58783243.5,235132974
Brad Silberling,58824292.25,235297169
John Madden,47272993.4,236364967
Stephen Herek,33770028,236390196
Mark Andrews,237282182,237282182
James Algar,79901459.33,239704378
Neill Blomkamp,80088540,240265620
Robert Stromberg,241407328,241407328
Steve Oedekerk,60362731.75,241450927
Brian Helgeland,48425654.2,242128271
Mel Brooks,81306494.33,243919483
Rupert Wyatt,81334364,244003092
Dean Parisot,61353939.5,245415758
Robert Wise,122757143,245514286
Gabriele Muccino,61465720,245862880
Malcolm D. Lee,35205881.86,246441173
Len Wiseman,82774542.67,248323628
Sean Anders,62514475.5,250057902
William Friedkin,62646597.5,250586390
Darren Aronofsky,41885826.83,251314961
Alexander Payne,50326077.2,251630386
Frank Marshall,63120914.25,252483657
Gary Winick,50633939.6,253169698
Curtis Hanson,50657908,253289540
Gavin Hood,63529136,254116544
Anthony Minghella,85192059.67,255576179
Steven Brill,64164066.5,256656266
Gus Van Sant,36762906.57,257340346
Kevin Costner,86710306.33,260130919
Larry Charles,52328960.6,261644803
George Roy Hill,130954450,261908900
Olivier Megaton,88590721.67,265772165
John Glen,53270582.4,266352912
Dan Scanlon,268488329,268488329
Penny Marshall,69135334,276541336
Joe Wright,34863775.5,278910204
Randall Wallace,71534831.75,286139327
Alejandro G. Iñárritu,47834310.5,287005863
Danny Boyle,31895218.11,287056963
Tom Hooper,96006786.67,288020360
Lee Tamahori,57895929.6,289479648
Joel Zwick,144775991.5,289551983
Steve Martino,145746160,291492320
Steve Carr,73773803.25,295095213
Alan Taylor,148046026.5,296092053
John G. Avildsen,99611749,298835247
Matt Reeves,100237505.7,300712517
Brad Peyton,100856563,302569689
Ben Stiller,60560021.8,302800109
Woody Allen,16228707.53,308345443
Richard Marquand,309125409,309125409
Jonathan Demme,61927891.4,309639457
David Zucker,62037132,310185660
Adrian Lyne,77758253,311033012
Andrew Davis,77950090.75,311800363
Jerry Zucker,103946321.3,311838964
Joe Dante,52007440.17,312044641
Scott Derrickson,62476106.4,312380532
Lasse Hallström,39146940,313175520
John Carpenter,24256441.92,315333745
Jonathan Mostow,79026956.5,316107826
D.J. Caruso,63396341.4,316981707
Genndy Tartakovsky,159002810,318005620
Alex Proyas,64183055.6,320915278
Martin Brest,80860131.25,323440525
Yarrow Cheney,323505540,323505540
Walt Becker,81144444,324577776
Spike Lee,21900028.47,328500427
John Landis,82202500,328810000
Paul Weitz,55768137.83,334608827
Kyle Balda,336029560,336029560
David Ayer,48361246.29,338528724
David Frankel,84656146,338624584
Donald Petrie,42597837.88,340782703
David Slade,113700023.7,341100071
James Gunn,113742527.7,341227583
Seth MacFarlane,114167288.3,342501865
Kevin Reynolds,69030827.8,345154139
Irvin Kershner,172829375.5,345658751
Frank Oz,44032714.75,352261718
Leonard Nimoy,117964697.3,353894092
Guillermo del Toro,71168710.2,355843551
Jeff Tremaine,89056631.25,356226525
Nicholas Stoller,71558718,357793590
Ron Clements,119948293.3,359844880
Jon M. Chu,72118004,360590020
Christopher McQuarrie,90279004,361116016
Tim Miller,363024263,363024263
Michael Mann,60622630,363735780
Andy Fickman,60905622,365433732
Seth Gordon,124039956,372119868
Michael Apted,62283244.33,373699466
Anne Fletcher,75526093,377630465
Peter Weir,95222465.5,380889862
Chuck Russell,77135179.6,385675898
Tim Hill,77469214.6,387346073
Stephen Sommers,96856318.25,387425273
Paul Verhoeven,65239433.33,391436600
Mark Waters,65721264.17,394327585
Ethan Coen,56819679.57,397737757
Jaume Collet-Serra,50000031,400000248
Chris Buck,400736600,400736600
Rob Letterman,100287966.8,401151867
Justin Lin,81324159,406620795
Robert Luketic,68662076.5,411972459
Chris Wedge,137367571.3,412102714
Harold Ramis,51530296.75,412242374
Shane Black,206614054.5,413228109
Paul W.S. Anderson,41343224.1,413432241
John Singleton,59102062,413714434
Brian Levant,69006493.67,414038962
Lee Unkrich,414984497,414984497
Rob Minkoff,83423053.4,417115267
Edward Zwick,52609260.5,420874084
Jason Reitman,70875635.17,425253811
Cameron Crowe,61600190,431201330
Joseph Kosinski,144375103,433125309
Betty Thomas,108477742.5,433910970
Baz Luhrmann,88580470.2,442902351
John Lee Hancock,91931980.4,459659902
Peyton Reed,116227128.5,464908514
Antoine Fuqua,58203779.25,465630234
Chris Miller,234970706,469941412
Robert Schwentke,78844291.33,473065748
Chris Weitz,94640075.6,473200378
Catherine Hardwicke,67682916.71,473780417
George Miller,79855941.83,479135651
McG,80048424.5,480290547
Joe Johnston,121756789.3,487027157
Judd Apatow,97464707.6,487323538
John Woo,82233506,493401036
Simon West,71011965.86,497083761
Marc Webb,165758656.7,497275970
Brian De Palma,50084026.7,500840267
Mike Mitchell,125237609.3,500950437
Rawson Marshall Thurber,126276498,505105992
Roger Allers,253543667.5,507087335
Marc Forster,72874695.86,510122871
Guy Ritchie,63926817.25,511414538
Tyler Perry,56839458,511555122
Frank Coraci,74109629.57,518767407
Doug Liman,74148718.14,519041027
Phillip Noyce,57776561.78,519989056
David O. Russell,74364250.14,520549751
Peter Berg,87173364.5,523040187
Renny Harlin,34931729.8,523975947
Adam McKay,87408281.83,524449691
Sydney Pollack,105243736.8,526218684
Ang Lee,65850588.5,526804708
Wes Craven,44089982.92,529079795
F. Gary Gray,66365476.13,530923809
Ivan Reitman,66857365,534858920
Dean DeBlois,180052210.3,540156631
Rob Reiner,49727030.27,546997333
Andy Tennant,91171529.67,547029178
Gary Ross,182845555.7,548536667
Mike Newell,78870397,552092779
James Mangold,69298843.5,554390748
Nancy Meyers,111719830,558599150
Francis Ford Coppola,62095597.44,558860377
Jan de Bont,113569517.8,567847589
Alfonso Cuarón,143088109.8,572352439
Jon Turteltaub,82476454.29,577335180
Paul Feig,116300359.8,581501799
Tim Story,98116871.67,588701230
Robert Rodriguez,45406442.38,590283751
John McTiernan,60615383.8,606153838
Rob Marshall,123286001.2,616430006
Pierre Coffin,309775640,619551280
Jonathan Liebesman,103429642.7,620577856
Barry Levinson,47977634.31,623709246
Quentin Tarantino,78017449.25,624139594
Bobby Farrelly,62790962.2,627909622
Wolfgang Petersen,104729952.7,628379716
Peter Segal,90817089.14,635719624
Richard Donner,70712991.89,636416927
Colin Trevorrow,328092531.5,656185063
Raja Gosnell,110527036.7,663162220
Carlos Saldanha,166764467.8,667057871
Louis Leterrier,95930635.86,671514451
Kenneth Branagh,84425216.88,675401735
Andrew Stanton,225901479.3,677704438
Oliver Stone,52291747.15,679792713
Paul Greengrass,98010408.57,686072860
Tim Johnson,171762591.3,687050365
Lana Wachowski,114539781.8,687238691
Adam Shankman,87133981.88,697071855
Bill Condon,117965839.2,707795035
Phil Lord,178172594.3,712690377
Anthony Russo,185720634,742882536
J.J. Abrams,186704452.3,746817809
Garry Marshall,94417048.25,755336386
Eric Darnell,152696378.8,763481894
Joel Schumacher,60861436,791198668
James Wan,113139457.7,791976204
Brad Bird,158763032.4,793815162
Martin Campbell,90284627.44,812561647
David Yates,210515341,842061364
Dennis Dugan,94664663.56,851981972
David Fincher,86390452.4,863904524
Todd Phillips,125908004.3,881356030
Tony Scott,73496139.42,881953673
Rob Cohen,80825554.27,889081097
Tom Shadyac,127191395.4,890339768
Martin Scorsese,51127062.67,920287128
Barry Sonnenfeld,132310602,926174214
Pete Docter,313113780.3,939341341
Roland Emmerich,119046932.8,952375462
John Lasseter,207183190.6,1035915953
Steven Soderbergh,65670602.25,1050729636
Brett Ratner,106199815.1,1061998151
Jay Roach,135813082.9,1086504663
M. Night Shyamalan,121621863.1,1094596768
Bryan Singer,141592451.8,1132739614
Sam Mendes,142232953.3,1137863626
Zack Snyder,143649106.5,1149192852
Andrew Adamson,229988557,1149942785
Shawn Levy,98130188.58,1177562263
Gore Verbinski,189942999.3,1329600995
Ridley Scott,78692452.24,1337771688
Francis Lawrence,271700394.2,1358501971
Ron Howard,104837830.8,1362891801
Clint Eastwood,72543215.79,1378321100
Jon Favreau,223197363.9,1562381547
Chris Columbus,147155238.5,1618707624
Robert Zemeckis,124562239.1,1619309108
Joss Whedon,432721657,1730886628
George Lucas,348283696,1741418480
Christopher Nolan,226653447,1813227576
James Cameron,278303701.4,1948125910
Sam Raimi,170795766.5,2049549198
Tim Burton,129454717.5,2071275480
Michael Bay,171634041.3,2231242537
Peter Jackson,216080773.3,2592969279
Steven Spielberg,164569324,4114233101
